,lasso,enet,grace,linf,composite
ABCE1,0.14261370176178262,0.14218172259777859,0.14327534435029352,0.16112286059226838,0.14765623812868223
ACACA,0.37100151824272748,0.36947116859149254,0.37226483990263837,0.40178498244343919,0.38797084553075856
ACTL8,4.2365121725489319,4.1385504547805487,3.9117619140659259,4.9659029324097537,3.7575842988457255
ACVR1B,0.052037541149030378,0.051949516851586698,0.051906765093656437,0.062923338835998599,0.052999683021990901
ADCY2,0.47061592129629631,0.47048635242883569,0.47025772251276199,0.50541570484204856,0.47266321457339278
ADCYAP1,1.3025604828931991,1.2982478800632913,1.2759843548252272,1.2703045658227172,1.3465024414978439
ADH6,0.26845826361469577,0.27010873655772238,0.27056023236965876,0.27186970435324148,0.28562390085514433
ADORA1,1.628508996528176,1.6277765118028786,1.6318152185202179,1.5243593362254075,1.6734949534376369
ADRA1A,0.13528782224352948,0.13539957286312468,0.13560390107533601,0.13269302852746889,0.13853984492308008
AFF2,0.50645915910815142,0.50644661881133324,0.50671258513321693,0.54167103974636932,0.51239134283959475
AFF3,0.92242648475722688,0.9017073600774439,0.86951505178442978,1.0295916364109863,0.85330487234423147
AHSG,0.13003404856774053,0.12139670499941344,0.13022245311469507,0.1337628915930327,0.13330273953995025
AKAP6,0.33292856604461857,0.3330140955960384,0.33382000068150636,0.30737480603783168,0.34024578342256728
AKT2,0.17852754495892498,0.17724019704861643,0.17469881267140852,0.16524285753698983,0.16193280465656135
ALB,0.94161134758990006,0.92657552471657834,0.92740648186476571,0.9002026364471919,0.91952300475521509
ALDH3B2,1.2912347264626742,1.2916212875747777,1.2598502089255217,1.2492664483226892,1.2661091838003
ALK,0.951157642544608,0.92386827361263202,0.94004217979956284,0.90086661238331933,1.040375021674607
AMHR2,0.24781061705920607,0.24879614732112068,0.24705839318196202,0.19814323787400839,0.25319983080302949
AMMECR1,0.47870111998000858,0.47801813638377122,0.47747566075697762,0.45833347304575439,0.47613321444833617
ANGPT1,0.46204657873221583,0.46202540822697036,0.45988009376904054,0.46483942087671976,0.45887890242986196
AP4E1,0.10913844558926949,0.10770444843254884,0.10616944749710217,0.095523245340947582,0.10340756388989619
APOBEC1,0.67790059105133182,0.68153644322743201,0.68785622209487185,0.73246186963740356,0.73138631920457819
APOB,0.12133368393566014,0.11096157618220036,0.12204422210138714,0.12815078219492224,0.12657162774979064
ARHGAP11A,0.83970764883507121,0.83618166251729109,0.81860745449329497,0.81220093297518503,0.8475339069640706
ARHGEF12,0.21399359596153095,0.21414229000256318,0.21325520252892197,0.17988503816162835,0.21247887177903749
ARHGEF16,0.52082596988640961,0.51589468191388588,0.51863695548694311,0.43079453103825316,0.52632658384101871
ARID4B,0.17542828029621862,0.17272531679758268,0.17526076951320149,0.16997959720884631,0.18226402336800879
ART1,0.19290766946178287,0.19131556436637953,0.18933695654087476,0.18888414302904552,0.18436414890842323
ARVCF,0.20208763522047868,0.20093872901033599,0.19815431860292002,0.19639606013943436,0.18792142072585469
AR,1.8294307574490487,1.8056298987934432,1.7532922945869869,2.9296491145965233,1.6242331746064214
ASCL1,1.5312250663610543,1.5361847764758207,1.5325334120295864,1.8151301377145694,1.664490763580643
ASF1B,0.43408671311418845,0.43460892432706605,0.43153666968661664,0.41051530016632581,0.43129253177450599
ASIP,0.34659699240691755,0.34127295328114066,0.33470359058824295,0.30357546736471874,0.30145434457543629
ASPM,0.82002477267168439,0.83800967622033773,0.80763913707344703,0.79665425600416584,0.80272382710315504
ATF7,0.11115768478240369,0.11157194125743392,0.11160756715576971,0.10684389517973031,0.11515964115834043
ATP2B2,0.30043657115365974,0.30044703081796831,0.30057320025698137,0.32243155490756026,0.30415387530309979
ATP4B,0.25712617307919722,0.25693321612796738,0.2566875809302604,0.26754601803150896,0.26052998486674378
ATP6V0A2,0.22082717596356524,0.22038731629240652,0.22102707790568005,0.16590250589858963,0.22374523812199493
ATP8A2,1.2859059336389507,1.282777346740682,1.2741521062625663,1.2770613160713209,1.3654950026071089
ATXN3,0.13953907220989636,0.14013734906552519,0.14107574889276078,0.13860660037268102,0.14827528060173842
AURKA,0.68257947672928188,0.6700996030660652,0.63936869481829095,0.64151027635148539,0.59484704478103412
AURKB,0.5478929583623765,0.56454377011096712,0.53093460532280179,0.53981178286100506,0.55992446261461315
AVPR1A,0.44184197606646375,0.44345486992118355,0.44470705652653059,0.44011849138603865,0.46772867580409028
B4GALNT1,0.59928802208804677,0.59910455508032667,0.57996088381351851,0.50534925578262269,0.60863614935084709
B4GALT6,0.28716556924026077,0.28809831962647314,0.28571496414362624,0.23878064803665019,0.28146109035168299
BARX2,0.8179060460646489,0.81709917499019269,0.81687218297482744,0.87689654505903947,0.8102457291963765
BCL2,1.4278802450973263,1.4164716029779965,1.3574072362756648,1.6660354034535998,1.2515052563499718
BLM,0.86676347065493264,0.85103821716113892,0.81681595600040124,0.77457013187892521,0.90999630725662539
BMP10,0.092660456808907582,0.092660456808907582,0.092660456808907582,0.091183350887883763,0.092660456808907582
BMP5,0.44559047704639204,0.44370351248181306,0.44647867848454698,0.50937080193856432,0.45309225038726475
BRAF,0.53124919976490126,0.53135676107798224,0.52950933092275276,0.53404195458479253,0.5285169759585604
BRCA1,0.43286415298116704,0.43207608142747567,0.43136899203122359,0.45043299151417249,0.44198334186647237
BRCA2,0.78308508353425099,0.79134374564975818,0.79023314737777717,0.694844317192989,0.81659936049677928
BRS3,0.10651229811803758,0.10646042141120898,0.10644627664485942,0.10058589972744757,0.10769536938036375
BRWD1,0.22409866016104124,0.22437863677900663,0.22404390274973895,0.16217744511725979,0.22577911228787464
BTC,0.83692138655644088,0.83683770966143589,0.83319674634439234,0.8423874955895142,0.84455694576490525
BUB1B,0.79188912612178297,0.78790998461629813,0.75898222544228777,0.74398224814567249,0.79650248257202227
BUB1,1.1109678212782066,1.1101519265412791,1.0625098860321995,1.2420902577305966,0.99003436609190709
CACNB4,1.0763818138879075,1.082468794044573,1.0704484187882033,1.0809082993000068,1.0988364708086382
CALCB,2.1681426056450528,2.170882711301795,2.1544054291102159,2.379279846642572,2.1190584723909178
CAPN6,2.5080282420804445,2.4954288816282881,2.4912534135394906,2.9965793482980843,2.6412768292440689
CASP2,0.13671231125018146,0.1370077204795036,0.13748103083720317,0.14352972835924396,0.14205135768754118
CASR,0.18515391604066575,0.1848122198452479,0.18377054424931086,0.16977838757917563,0.18342553386411312
CBL,0.16928912773984905,0.16632466011299024,0.16318158688994375,0.12316908525335028,0.15535091203218948
CCKAR,0.17104862425200504,0.17130328151799451,0.17188663103714757,0.19174869978263032,0.17714205372889419
CCNA2,0.89385253293793354,0.90343051000076091,0.84753183122634124,0.92811158678054584,0.91056753682434721
CCNB2,0.7617868310044249,0.75131365808905226,0.7137793704918759,0.75469110010938345,0.64112481069486904
CCNE1,0.99374267019493034,0.98964726599859243,0.93849616642028355,1.2070347755857125,0.85927194416956054
CCNE2,0.84471923714257835,0.82629946108886543,0.8031678864558065,0.83029488857537526,0.7571639885021263
CCNF,0.40527775511560332,0.40118960414577753,0.40018037101480108,0.33888369117149253,0.38508025981491484
CCR3,0.28726545754240906,0.28830328333282024,0.28982550264365903,0.29703133059766412,0.30314309345035645
CCR4,0.24729789378352873,0.24790514515265685,0.24326569714190394,0.21097676256796993,0.23432182209375785
CDC14A,0.99157289463044707,0.99289702134907187,0.9967764253399386,1.0325060223546041,1.0104997932940232
CDC20,0.73682796048921873,0.73687953111890014,0.69349956680718472,0.7878511207950406,0.62148953077033808
CDC25A,0.46052140894410049,0.4613838786451176,0.45943068955975996,0.40070762120130893,0.4689086245585965
CDC25C,0.62950337914895449,0.61812286275011286,0.60593478316817562,0.6094615638318106,0.61150443263398391
CDC27,0.12631435129714441,0.12643962852964105,0.12671573944313422,0.12908526466457632,0.12848977230983658
CDC5L,0.25098378526535792,0.25130422656017304,0.24985495547470327,0.26263713272771438,0.24780238466790316
CDC6,1.1677000133859476,1.1631636453376775,1.171202863475914,1.1606136369027442,1.2734613080256185
CDC7,0.8676007657797703,0.86879864957213981,0.8741427413054963,0.8221180649397597,0.89886403814470495
CDH1,1.4355446556518616,1.4283791779126167,1.4246300826456297,1.3706906980083915,1.5057353459513516
CDH6,0.35281888021304486,0.35201449445025218,0.35125642348985597,0.33881216504890294,0.34805493735131104
CDH8,0.40358902599356228,0.40320529752618317,0.40274986964833653,0.40338581985977917,0.40265287780161513
CDK2,0.35362873359485864,0.35096576664312207,0.35162325398979832,0.33426281582239165,0.35377156396571002
CDK5R1,0.3554375356678775,0.35559473411452819,0.352008190442751,0.32901113665596782,0.35594354447079307
CDK6,0.69938423446471187,0.66531677098890829,0.64227425293348761,0.77166867001349126,0.57064963370287625
CDKL1,0.35350054809122333,0.34662158125412601,0.3286536786456552,0.22937305789251644,0.2741522326900776
CDKL2,1.1300887620745883,1.1326482547910601,1.125958116681443,1.0778379171262771,1.1506586599299438
CDT1,0.44663411679073833,0.45589075826305842,0.4368177530395474,0.45432553496876626,0.45007098569388571
CEACAM5,3.1255285692306933,3.0758628987558603,3.0529658455790383,3.2058832070071031,3.4662761337559553
CENPA,0.99376207521927273,0.99678391268761668,0.93633552409968668,1.1116424374386986,0.86457373796280457
CENPE,0.83736665204008798,0.83915319445886227,0.81519139015290554,0.7759301701232284,0.89766899088020391
CENPF,1.0188092851182491,1.0247733877447214,0.99058019652916862,1.0317284630144925,1.0104852591959468
CENPI,0.75720457726708779,0.74930638282267148,0.71778514781039471,0.73645525641407106,0.80869245713600557
CEP152,0.25908760090113109,0.25857647224817648,0.25849019958245134,0.2302321402103536,0.27249999261347629
CFTR,0.81905663008866747,0.81184382661113574,0.7920649666273879,0.74967426162968109,0.73212000852120274
CHAF1A,0.28243898001206896,0.28219257348893967,0.2825800460593344,0.25339800000273194,0.28622252031516487
CHAF1B,0.8501948410339677,0.85360081579692804,0.83445725068410692,0.74153337449438139,0.84626917288701453
CHEK1,0.60829524728091344,0.6180492706283488,0.60706488404261849,0.6192490906943251,0.60352486814315587
CHRNA6,0.59316908055045448,0.58444450035742712,0.58007174122262362,0.5724547309747382,0.57765766789357909
CHUK,0.29180357150259645,0.29152908034005454,0.29125381297486003,0.30733177312749155,0.29207824287602563
CIITA,0.34433521682044677,0.34885032974336766,0.32015048677527508,0.38025126441617085,0.26338517202777506
CLCN5,0.86769265770218584,0.85304977997111864,0.82606388037652534,0.74797766022426504,0.82411097018050716
CLDN18,0.066392952200263602,0.06577514720795051,0.064942962207782631,0.07540721643344292,0.061381941509129651
CLEC4M,0.10410379308915897,0.10399769770955629,0.10373305770505228,0.10145974284577509,0.10430040820341711
COL14A1,2.168036146163673,2.1254216194741677,2.0406719532098254,2.2699310502790291,1.8955912084395583
COL19A1,0.20957534659650906,0.20870589558496525,0.20707735367327929,0.21739726093744366,0.20975160219789507
COL4A3,0.302396332861541,0.30197879575208902,0.29961002963691202,0.24007289088228811,0.30340684395673267
CPA1,0.28743279310981973,0.28615249167920315,0.2844361706478104,0.28354602120981698,0.27637557474162694
CPSF6,0.11368270577383438,0.11454406041299586,0.11602456325993006,0.10172237920485216,0.12521448845833311
CPT1A,0.34366194346019119,0.34237865777286391,0.34084118804944613,0.29129111358937726,0.33289398735493947
CR1,0.34985067536738235,0.34681615971004526,0.34168830863269478,0.27162447785585775,0.31496567100438649
CREBBP,0.16521474197088704,0.1667414731564876,0.16786786786937746,0.16063602480785041,0.17589680943837713
CTNND2,3.4753094777214839,3.4128952272474127,3.2649191503867803,3.5899672738350485,3.1315337794694611
CTSE,0.20030752112268521,0.19963913158762825,0.19815364375951183,0.18036945675324445,0.19172686885053666
CTSG,2.2190171838126043,2.2060148165503621,2.1133861243379028,2.6024245585394987,1.9534431090995763
CUL2,0.15947201265803107,0.15820202933630079,0.15628529370304148,0.15741442113283191,0.15640562392222673
CYP11B1,0.087689863790834932,0.087171231309468744,0.086083020935461982,0.082084339754715949,0.087818257618371753
CYP21A2,1.0625307728822437,1.0702791222899823,1.0897410487784707,1.187942071496858,1.3133861249285896
CYP24A1,1.5513397588868783,1.5497782059111855,1.5513425435171828,1.5402586210565148,1.574860177623538
CYP27B1,1.6685513017036273,1.6399323862552129,1.6030184061281902,1.549476492485278,1.4330408315164282
CYP2A6,1.8032568664445887,1.8135281525421336,1.8284147622313212,1.7457512761395382,2.1713876012704469
CYP2A7,2.3045817969731548,2.3225176230184905,2.3174907000302367,2.2877194670760042,2.6811762357988642
CYP2C9,0.29685795266447096,0.29795916021036717,0.29895546378260113,0.31426519585478024,0.31822391971662778
CYP3A4,0.41947454209815987,0.42547135457986657,0.42446066441318137,0.43855008988770289,0.44950590681828156
CYP3A7,0.37415918936425252,0.37558625966724207,0.37522221453243604,0.37201800393680812,0.38209222687438282
CYP4F2,1.3355447994805303,1.3284030296988092,1.2920208841082064,1.3273716078341646,1.1574208568634059
DAZL,0.74303113549727529,0.73663308905323888,0.70588509854917492,0.63885552038299209,0.6216317365785039
DBT,0.10287369013922557,0.1024832576543932,0.10214550416862481,0.10325090619051262,0.10085091759456324
DCT,0.077264335111362395,0.075167717373535017,0.075564137449983262,0.075607169734400237,0.071975270658679008
DDC,1.7296167376776947,1.7402128678700042,1.6993768400701841,2.2495163790319688,1.7731368286844489
DDX51,0.14196852404101012,0.14054494733118711,0.13815245683990726,0.12455814339960411,0.12804006449908972
DDX6,0.25890000619757508,0.25965765249317935,0.26055510392520226,0.2444718153656501,0.26866561687498869
DHFR,0.23701884984613633,0.23784866552084785,0.23830433658480854,0.23793747119076653,0.24708850072023156
DLG1,0.16080203032193038,0.16021356314350524,0.1595098381494075,0.17723996010514789,0.15688788608895676
DLX4,1.0187945315517857,1.0236082080215718,1.0207965430255195,0.99841308071404189,1.0318859454375708
DNMT1,0.17043339661410292,0.16847153099042647,0.16859657773139614,0.15784550481900425,0.16650114495472557
DSG1,0.73132105240322332,0.72180534498426663,0.71724268612943465,0.74739506686771495,0.78560313418101868
DTNA,0.81336258898548341,0.80646670862330294,0.78854300030164837,0.74477282091169483,0.80165599044185143
DTYMK,0.2612243359553193,0.26150749571178844,0.26145413547367857,0.26697666403084214,0.26680384416145581
E2F1,0.49643191483270543,0.48974460015693111,0.46811971097913613,0.43166584918009293,0.45521503991567841
EGFR,0.53004796492562378,0.50304890465794638,0.49122010220023993,0.89502566142431816,0.52462262995174092
ELAVL2,0.84900034199332397,0.8440537638767972,0.83239427645078701,0.79153144751558946,0.81241784068457235
ELK4,0.24209495853435817,0.24185610180366435,0.24106220972410697,0.199317580690413,0.23960044289564861
ELOVL6,0.69456000420627229,0.69845416150397466,0.69677627333728454,0.68883704782894994,0.71130086337977927
EP300,0.31284296056833438,0.31311172828970263,0.31482439569326792,0.30663387166848621,0.33524529383724194
EPB42,0.29582969924243913,0.29680859594315007,0.29545684227373126,0.30339985225180321,0.30541906553304538
EPHA5,0.35310820936181103,0.35497135645660893,0.35297629543475301,0.34272226171177983,0.35349772961061388
EPHB1,0.61511795749953158,0.59252799982709226,0.57707427392893174,0.62145046951022576,0.65447109986597518
EPHB2,0.51982129499347351,0.50964625738202607,0.48815662557799905,0.38424680182086213,0.43636744980653402
EPHB3,0.56802000369987715,0.55107876972806991,0.55542568529770275,0.56585533261259513,0.53361897209046083
EPYC,1.5640932144722663,1.5566789689906659,1.5626249467629663,1.5359836546947487,1.5850456082748752
ERBB3,0.53473297920657026,0.50177542460168567,0.45673129278150149,0.37003347069540587,0.30785219928005986
ERBB4,1.3071315320704198,1.285047392267316,1.2297073331576311,1.9396756202920205,1.0948085626491648
ERCC2,0.21604987245416668,0.21604987245416668,0.21604987245416668,0.18972243163819957,0.21604987245416668
ERCC4,0.22694315469619053,0.22462191691252834,0.22084208958028023,0.18035471849287876,0.20555831530698671
ESPL1,0.1924559591060708,0.19225962738505445,0.1919101171070991,0.15987231608479935,0.19244790861210606
ESR1,1.8824663366339289,1.8724760632377468,1.8624447009967977,4.0625784241736067,1.918004843502727
ETV1,0.59926311310758018,0.59517005166144565,0.5989743487989343,0.59188857066646672,0.60110959436114586
ETV3,0.065353047787986604,0.064102256311925579,0.062698533644858792,0.06353833698729934,0.059995633023613201
EXO1,0.98470838328228483,0.98954554024559349,0.95954555484798576,0.97507170434530743,0.94351568814019027
EXPH5,0.32872921556307916,0.3336467739356252,0.33112183165961223,0.3246891287158245,0.34559884079503972
F2RL3,0.16172612254430715,0.1597762037791319,0.15882220340637154,0.13675234380585868,0.15507153346262276
F2,0.097701740501524387,0.089810473595847901,0.098365101942416891,0.094468003030580172,0.10566365718271885
FANCC,0.1333211760653048,0.13341424885334141,0.1342982158942356,0.13255946160331986,0.14179919114514719
FANCG,0.37965399431238456,0.37915708164550516,0.37527495826585722,0.32866517289678804,0.36519307966137338
FANCI,0.58307139216458792,0.57372284272511265,0.5835650776729806,0.54486135827693793,0.5878111570274116
FASLG,1.3964739392419732,1.4132345194790574,1.3446072072139188,1.6317706185650844,1.3867987339872823
FBP2,1.3548552424947116,1.3541718699656258,1.355009928794584,1.3284922554375185,1.3653456905034551
FEV,0.13232742129629627,0.13232742129629627,0.13232742129629627,0.12288527307255638,0.13232742129629627
FGB,0.56400086022589357,0.56092612070410608,0.55263034272263412,0.56343827096351917,0.67375282811264869
FGFR2,2.1440650557143401,2.1362542577918449,2.1373541864572738,2.0331727764067602,2.1266080369460711
FGFR4,1.1848264569075211,1.1540993850477075,1.0987340879697844,1.1763515760335437,0.95542658589577412
FGL1,1.3121219657964991,1.2785883552066561,1.3155546780597998,1.3078361203509901,1.3367426252587349
FLT1,0.44494942006209315,0.44889517439190457,0.45000980792413542,0.48151667971750767,0.48089520324074903
FLT4,0.10849129924737176,0.10728188949992104,0.10598096721116732,0.1005239623889891,0.10115942577561683
FOLH1,0.79771028310829162,0.78789538408058946,0.78534783302684597,0.70387585805935515,0.75834965090587336
FOXM1,0.96481032034157366,0.96895070474926071,0.9137924206016832,1.0123518545134096,0.87548726423050161
FSHR,0.18156479366514275,0.18178337158336511,0.18216332681977743,0.19366406124274316,0.18564890324877492
FUT3,2.3630420096775184,2.3575016111296581,2.3053303105518377,2.8363525941113608,2.4948030071358098
GAB1,0.34888530312338872,0.34911037081264951,0.35216402810594843,0.34160294592258139,0.36692992155756282
GAD2,0.18325378923872188,0.18280651629835223,0.1823363209577723,0.18788859194859217,0.18052387452591945
GALNT3,1.8565992845978281,1.8756610592547895,1.773607003608981,2.3044346137188647,1.832249625847419
GDF11,0.19030386409483332,0.19152171781219476,0.190175229606901,0.18535468914078582,0.1928660887905923
GFAP,0.080193907920415364,0.079876390173515388,0.079314109080076814,0.086998394823099331,0.077744402621989922
GHRHR,0.089224428267830377,0.088923789358027971,0.088617162070636524,0.076639069202216595,0.087604424808702078
GHRH,1.2773325182802353,1.2644549112497581,1.2458485070231764,1.2078327272497749,1.2600201986205954
GLP1R,0.13698454091354428,0.13579111817290285,0.13525523884059285,0.13179111757055503,0.14120790696703409
GLRA3,3.5486174619878472,3.5177361421159992,3.4912061286091198,3.5015144135107601,3.2922462592811632
GPA33,0.17620867595459083,0.17617143307714228,0.17613745884426954,0.14867775413389819,0.17734882098683591
GPD2,0.36926314210913691,0.36697022618870173,0.37056904531289386,0.33835947694339508,0.37285965277155803
GPLD1,0.37865536032406788,0.37841711149874724,0.37812246268592326,0.36703037918138892,0.38034306299225518
GPR19,0.70919591730607523,0.69637268911361427,0.68549226099253391,0.56932581727825948,0.65989282521939419
GPSM2,0.77321561604118516,0.7613777059406247,0.73090207375638838,0.65155411466881152,0.67737564368075742
GRIK1,1.3636566039149325,1.3432822207211819,1.3128623397695687,1.2865954081397741,1.2249867506038825
GRIN2A,0.2890980231425106,0.29226584136204381,0.29105029441521185,0.2854722622960767,0.30682487397229968
GRIN2B,0.61935000202045398,0.62058290784020065,0.62245521060476328,0.62250462538407492,0.6351151658648182
GRM5,0.063857730455909839,0.063732378942908077,0.063958471196626912,0.067330666629295016,0.065901798611470996
GRP,3.5215377511554209,3.5163210677407388,3.5872845208612203,4.2393108167656965,4.2188714395929017
GTSE1,0.59928087654975515,0.59457908962447736,0.60167755946958157,0.54170098195122607,0.61321294009481497
GUCA1A,0.19508176382902565,0.19506063574889854,0.19507794913962073,0.20774093645088587,0.19808287503272551
GUCY2C,0.45710030478971142,0.4567041407693132,0.45307487174601502,0.45083352655132136,0.45053497986355379
GYPB,0.36176991113421608,0.35877855872072367,0.36854082543695171,0.38843810618114416,0.4011458254804624
HELLS,0.55505827383345996,0.55040206215232657,0.55054931243756389,0.54946571813452016,0.54163174173811746
HNF4A,0.069690271202642054,0.069243601062221424,0.069482375919921346,0.076567988575024504,0.071191410255447327
HOXB13,1.6429316213633953,1.7056510063164008,1.5967091222863214,2.3355101014778787,1.5325697021086508
HOXB3,1.7632777897039735,1.7710954668880821,1.798256097028724,1.8246133556942468,2.1064056425829243
HOXC11,0.7539929172207297,0.74864950028860322,0.66656264277904487,0.80971891120242812,0.58147376243352256
HOXD4,0.3073174155627631,0.30751380917907162,0.30777403744576393,0.30303227475982353,0.31432225285566384
HOXD9,0.13949209400492885,0.13941883439376118,0.14028137445416983,0.14929295252451955,0.1593559282017098
HTR1E,0.80545661465690566,0.80485724012101301,0.80200625747206988,0.70804064133495859,0.7919945520001781
HTR2A,0.54215602043243272,0.54064549211027679,0.54034831863394528,0.5386815452621212,0.59213623281735417
HTR2C,0.49719737908325046,0.49599107156368399,0.49552519183495558,0.48829068329265507,0.49688723493607512
HTR4,0.077789607428490962,0.07761292196289489,0.077130808979915658,0.0837694353032397,0.079551968951704952
IL17A,0.080577127154123782,0.080493654573252263,0.080428446507719339,0.082266395892340499,0.081390243288511743
IL1A,0.41481836961507701,0.40839763217757602,0.40494004975401376,0.39868355462365912,0.37494380993706983
IL3,0.053133784349737,0.05317490310046908,0.053061523811312516,0.059496262099849435,0.054314680137678019
IL4,0.11751137256069814,0.11670089699947965,0.11979873513303983,0.13424063252144908,0.14167199321775062
IL9,0.17346278903702589,0.17385259626231572,0.1744100619986528,0.16398666197315293,0.17956774383067806
ISL1,0.59451910359225058,0.59548836022554508,0.60612136237966174,0.59770225900933827,0.61617351906690265
ITGA2,1.3263509404246083,1.3230953549977016,1.3151709564595169,1.2597849374864214,1.3604495807779646
ITGB3,0.77325776922746159,0.76844724685661747,0.76002773795884648,0.75220730263614133,0.72691853889005675
ITIH1,0.087748322814985347,0.08974859923742827,0.086919084633187788,0.085081432802936521,0.08610499999404829
ITSN1,0.25475822870860837,0.25472848542497056,0.2555914068135649,0.26145067662488469,0.26042207088626157
KALRN,0.30917985140490672,0.30453639966896789,0.29732503748871819,0.28483442678196069,0.31010358616053707
KCNJ10,0.25880531028203574,0.25848193481750958,0.2589453122147643,0.16752936077889877,0.26164024830211219
KCNMA1,0.89521266383609244,0.89845264450189621,0.88205389565969916,0.94418249279081345,0.89110990878112417
KCNV2,0.095770076388888889,0.095770076388888889,0.095770076388888889,0.094713748664847441,0.095770076388888889
KIAA0586,0.20241610461725554,0.20228596790850337,0.20380535719269133,0.2053488095276054,0.20634485438286707
KIF11,0.40006800461648112,0.40116303773893919,0.39902224070601017,0.35269104394405337,0.40156701045996457
KIF14,1.0140078966554031,1.0226795880342481,1.0022147217317914,1.0529341347878458,1.0560763810417262
KIF23,0.97457908970390927,0.96542302830443305,0.95190620686805183,0.90838748191887275,0.96480219530789724
KIF2C,0.97786060693461463,0.96610871883910521,0.92935911722210141,1.0142676052344912,0.87574484555205678
KIFC1,0.63588386053914558,0.63037826320562762,0.60881974068952249,0.61285273617504143,0.63911640374350165
KISS1,0.060402423038926657,0.060560798788139046,0.060870088669587888,0.071188711324975493,0.063954753664907091
KLK3,0.17825008345550075,0.17834789872436652,0.17767971294372376,0.19687523039546523,0.17710607086139468
KLKB1,0.30642546386917185,0.30601908959327356,0.30550679057989139,0.30121734467624683,0.30379337222458885
KNG1,0.26936591972174334,0.27062528948309028,0.26668707552672949,0.27206085721761836,0.26065989778773357
KNTC1,0.41326066036077308,0.41537724608129739,0.41174846636592471,0.42480606567992774,0.41298020477473568
KRT1,2.138805876199013,2.1143938495063237,2.0581940565346888,2.1378521624980262,1.9832816283541155
KRT2,0.36419322744237015,0.36312118114636688,0.36365883480270977,0.34375240572691357,0.38495834139104895
KRT76,0.11448855050535178,0.11457461896483653,0.1147539771643718,0.13486486017712937,0.11715508340570685
KRT86,1.2673606713626056,1.2666886764084848,1.2744364997276665,1.4281422068594578,1.4170340650001594
LBP,2.0644753336845985,2.0545755245930426,1.9939940281047166,1.9274645236704457,1.9798255631349506
LECT2,0.17879909606464506,0.17897196257345754,0.17891302265207157,0.21290603118257093,0.18081898332154941
LIG1,0.32337385147412417,0.32274810171467733,0.32632734719642936,0.2983810213357363,0.34424553405316299
LIG3,0.26874684327241338,0.26967816247704091,0.26815149907715979,0.26776220044050397,0.28987417823614381
LIPC,0.61695565766641514,0.60488015663717443,0.60945343208223646,0.62657036102363239,0.62397073937052694
LIPF,0.48553855591969547,0.48344590587859809,0.48200470783594596,0.53187648808564147,0.47833124436225316
LLGL1,0.10716066683391795,0.10659855758171649,0.10561542039947522,0.10224986227794462,0.10280913186060053
LMNB1,1.240390046554027,1.2331889302380814,1.1913481348835306,1.2876271089712725,1.1898332125581648
LMNB2,0.34280544586085604,0.3422045245350025,0.34328160549426379,0.2827394467854783,0.34680689268817816
LRP2,2.5503966194261523,2.5364864826238267,2.4938711158929885,2.7631071976572872,2.5322154280031648
LRP6,0.41962316432483832,0.41834343033405219,0.41679575376658801,0.3925676742326808,0.40516824340194585
MAD2L1,1.092182501381783,1.0610038005882885,1.0144627504252384,1.0260247189502905,0.93482699411000014
MAGEC1,2.2055481052243233,2.2157347502922149,2.2081967045080004,2.3034880552001074,2.2223148659678853
MAP2,0.59996376447502986,0.59338283392731683,0.57190096659875478,0.57533357094284654,0.54367550747379689
MAPK10,1.0489552390986976,1.0536960593414915,1.0547115197099641,1.0541870731392218,1.0862549708812717
MATN3,2.2514608910507978,2.1901730555790069,2.0842386692183399,2.175364062356683,1.7093971924817
MB,1.6053987489634485,1.6331199766267332,1.6016593746720826,1.6640720166906637,1.6259581693249245
MC2R,0.10995300328247408,0.10974795352473524,0.10934391620423403,0.10505767238728661,0.11345664245168798
MCM3,0.32029226634671015,0.31957993646268151,0.3198356164250124,0.27883037406882716,0.320250395894639
MCM4,0.51043076842568202,0.51768510081106189,0.50344466451807768,0.49792954256866873,0.52850008947060334
MCM7,0.22703285876031856,0.22847071417013184,0.22719656834527002,0.18969009095119846,0.22949653561601624
MDM2,0.21013780237799051,0.20888215105011565,0.20668318272264957,0.21261040816119636,0.19807963981842741
MDM4,0.21552019972267972,0.21491584241240458,0.21344251606983744,0.21803602146332257,0.2104909404505218
MELK,1.2969929066299291,1.2844782321299064,1.2008990179998935,1.4268162475637931,1.0028677463882743
METAP2,0.106312691360069,0.10546240359742541,0.10489061022929629,0.10346759410139519,0.10451879289593952
MKI67,0.82942676822233308,0.8003181524410754,0.77842334175341232,0.73004036391056382,0.65960192021076247
MLANA,0.22330834708699604,0.20307604026387266,0.21734644011160598,0.20610244740142766,0.22906277142929332
MLLT10,0.19972771721175142,0.20066114914078842,0.20049246204760335,0.1700617569859397,0.2050323146465447
MMACHC,0.2977531900620472,0.2967567723241904,0.29697720450836668,0.26313409248554626,0.30205885571851365
MMP16,0.60552827988878632,0.60526033345198349,0.60460495500506162,0.54863758885562119,0.60530261117297401
MNAT1,0.16007403324477137,0.1575879996608899,0.15774364934679458,0.15361677161610773,0.15353550886113501
MOBP,0.085248052381721173,0.084965596142990374,0.084627414471642737,0.087440754425475511,0.083853357526419522
MON2,0.16044674261365344,0.15869491848606815,0.15631191108804321,0.11666692783634867,0.14535866977866818
MPHOSPH9,0.2681666281760251,0.26865118003162142,0.26607759734744713,0.27468045254696194,0.26284491699380413
MPL,0.30970450325895266,0.30174917566957432,0.30075519775291987,0.31910561147078448,0.27916468431202357
MPP2,0.72978361438840478,0.72759455348073221,0.72360924476163202,0.73214954459857307,0.75215778223385021
MPZ,0.23632809259259263,0.23632809259259263,0.23632809259259263,0.24883956832845444,0.23632809259259263
MRE11A,0.10612501315702928,0.10570853517740944,0.10509258358150862,0.11593595399549371,0.10340316507079847
MSH2,0.236675761977965,0.23527410925066086,0.23539902544922206,0.21131467314097796,0.23318798099665289
MSX2,1.2217333247848421,1.2076063903763083,1.1722107696756727,1.1052135025125329,1.1234252518002961
MTMR7,0.66855643829036715,0.66838787050844184,0.66980833680112262,0.68762983719131443,0.67655579357014861
MUC1,1.5159478730908438,1.514675373312421,1.384639630099544,1.70769470688326,1.2147487090179578
MUC4,0.66262860150076774,0.6634884297417154,0.66570094498288124,0.66061793247509137,0.67800788469047868
MYBL2,0.85287573900932456,0.82873829174862546,0.81002539876303414,0.87733682187791162,0.75389168463735878
MYB,1.2483081548080501,1.2536655945114219,1.1903107386921765,1.3508751546545443,1.0394109639210802
MYEF2,0.35994694889985718,0.35154015802075989,0.35282155734771792,0.2997755451850645,0.34409630826718235
MYH3,0.91431279893455042,0.90298490797469355,0.90368730732023095,0.83431382929906073,0.92649029360752178
MYO7A,0.56195026425925942,0.56214905713042251,0.56011908811139843,0.46553857731288889,0.56195026425925942
NCAPH,0.51578421565982968,0.51805483106776906,0.49961762890945755,0.48472336903165075,0.52705015331926353
NCOA2,0.19283259909630676,0.19308546420448588,0.19109814447899723,0.17586401542945851,0.19572232575997831
NEBL,1.1189261674170432,1.1060116879192545,1.0952565841895607,1.1595431560477916,1.1481644517804681
NEK2,1.3318571208797947,1.3239916554752587,1.2914673988773824,1.3092796638555706,1.23047580408067
NELL2,3.0381106559401272,3.1445641432405713,2.9575953577031449,3.2330549530957908,3.0689651800850615
NF1,0.22453140934912622,0.22378698937293681,0.2229145050060157,0.18768852777203013,0.2191482776264847
NGFR,0.85175400219215325,0.84643807809740534,0.82637731775719325,0.77323453552543175,0.78845854416704009
NHLH2,0.061334689909097642,0.061575651460657785,0.062033565928700921,0.070706226037081446,0.06695898529927817
NOVA1,1.8883387949105424,1.865839331837579,1.8554241371077806,2.1208694635529679,1.8271559453986768
NPHP1,0.26987003809171073,0.27135748876809029,0.26922544387932429,0.26914677756659722,0.26696303575235192
NPR3,1.5944221904419804,1.579827467028653,1.6168562736851524,1.7721768686326176,1.7222821424066153
NPY2R,2.4512425009318837,2.448081673579539,2.451000047925973,2.3816008474952848,2.4105138984180683
NPY6R,0.12630321445712156,0.12522806449109461,0.12508018391031323,0.13572919142441073,0.12394332933310973
NR2C1,0.23874700018307765,0.23778807644309558,0.23948543700816285,0.25447462210984056,0.25049570548027567
NR2F6,0.40733715515595287,0.40952090409387537,0.4116654719316582,0.367369044674349,0.43379211217363217
NR6A1,0.16766676981447134,0.1650509505803176,0.16753659759875419,0.16344929480346501,0.16914637099304944
NRCAM,1.4342813727397581,1.4292411293076985,1.3635824965750818,1.4492994851592262,1.2322226476725548
NRP2,0.32239495131791995,0.3216293667736505,0.31763310108426995,0.31496766077082833,0.31649516488080609
NTRK2,0.79089944680491886,0.78338630571177337,0.75695977305732798,0.67329337938034239,0.75205759254350268
NTRK3,0.80109439007886341,0.80510094587617953,0.79310500731355515,0.73200423186968833,0.75561481352565196
ODF1,0.085325696991433747,0.084679729258174588,0.083831919664324087,0.08508324653368568,0.080333034014740054
OPCML,0.65249058504521718,0.65425106582157522,0.65560657248583198,0.64458291649733179,0.67124174552329086
OPRM1,0.16492803128507644,0.16462239038217799,0.16378684180476968,0.17909878279352348,0.16194820437002683
OR2H1,0.16492852322525206,0.16507204737602224,0.16535400757055857,0.18037487215455292,0.16869218190978744
PAH,0.95575689791118412,0.93077622776103319,0.97485211715668596,1.0375075037271004,1.1140639955280698
PAX3,0.70009426475353809,0.70233998682508902,0.70215107299049306,0.74785091560350581,0.71681021979654802
PAX6,0.91356666425091104,0.92671201547346582,0.89111533055285919,0.90931018276699171,0.94706844151994407
PAX9,1.8281472619443693,1.8178494180182232,1.7833443434786469,1.7746734062456082,1.7654292422396325
PAXIP1,0.17439608141683532,0.17400100514854006,0.1745751550602796,0.17672045048810137,0.17912117875740211
PCM1,0.42638180473861992,0.41934941403882281,0.40224607407546054,0.38196174912965436,0.40687750179939575
PCNA,0.46659879890228284,0.46272526868146791,0.46111528190303125,0.41997858842379182,0.4596657165930082
PDE10A,0.83714296256707998,0.83851263970797174,0.84086680193826036,0.84656193484644693,0.94417882309441914
PDE3A,0.45171137185532745,0.45368578937657983,0.44911437087057365,0.48835789264801371,0.43735102599483316
PDE6A,0.22244032790539806,0.22248266566622094,0.22278920237900379,0.21523180868466762,0.22720705981737299
PDX1,0.64050109954481527,0.63822798401675196,0.63452096094287591,0.60688323745522599,0.61539683673061785
PHOX2B,0.37360392899469297,0.37371784100099853,0.37275441686363586,0.36975750141821428,0.37239240879060204
PHTF2,0.17167472118288038,0.17167472118288038,0.17098838386572893,0.19593824601077173,0.17167472118288038
PIGR,2.2446765086751168,2.2086208022451053,2.130720091613818,2.1462806175161542,2.0616931145519239
PIK3C2G,1.0696071173722042,1.0707028191550902,1.0576506284300851,1.0829903192871431,1.2890467808671526
PIK3R3,0.2168956241489006,0.21615798273707501,0.2149189843378769,0.20521517629252314,0.20957336160436293
PKMYT1,0.50224413891717545,0.50217166989418005,0.50150181336001287,0.44535800055726305,0.50133995376176543
PKN2,0.22270153475238155,0.22343702786095823,0.22197225462712283,0.22541631702446588,0.2209742567628101
PLG,0.04929377323823729,0.049048866027615025,0.049056190743858148,0.05512092589766196,0.049919782739987172
PLK1,0.25944304518909533,0.26659707095887153,0.25982419330546602,0.25492364264393569,0.26218684481324372
PLK4,0.55600849152910936,0.54961450730567618,0.55577404176337253,0.47880320561039236,0.55836916653671431
PLS1,1.1284115845624778,1.1121877561538469,1.0778613231454977,1.0170655072985904,0.96035988131653316
PNLIPRP1,0.21139029085410663,0.21133845622198799,0.21137452337660229,0.25043464708779956,0.21424064569414653
PNLIPRP2,3.5863219733271277,3.5988509231160069,3.5978576936967275,3.7586093388566715,3.8823959049097083
POLA1,0.23359510643314363,0.23387338300742419,0.23576774438751905,0.22141465790320372,0.24482311620100894
POLD1,0.34781841094683513,0.34503308076427475,0.35030442221914593,0.32080754759277003,0.36257027085113624
POLE2,0.59539133693949986,0.58676604399873888,0.59130378576233544,0.57233018286865522,0.57948768370671755
PPAT,0.36884562305920587,0.36866278890759713,0.36711182688170652,0.36161213803706582,0.36103744354646428
PPM1E,0.50279543827104811,0.50376586732649409,0.50187678867926255,0.50045548050222322,0.5028980921286853
PPP2R1B,0.3073998407725585,0.3055868427700229,0.30190309962268141,0.3061884602944559,0.2866690763891771
PPP2R5E,0.13134857527690705,0.13104386250242386,0.13072085622439708,0.13538795666417527,0.13284665339470411
PRIM1,0.3325363253332026,0.32693617393738611,0.32475575949951335,0.32042257288596981,0.30318408526254076
PRKACA,0.089491939197264905,0.089704308029908128,0.089706769502699721,0.092052467586321393,0.092150394513149256
PRLR,0.69935430123817088,0.691177758811508,0.69651605754251078,0.59917424534165287,0.71753602511242132
PRL,0.11075921398106024,0.1106818580416485,0.11065719779231241,0.11091777416154301,0.11237864929631838
PROX1,0.69641752973287718,0.69558655860245067,0.65600874761867534,0.60898299281577695,0.63500725361428967
PROZ,0.55746636491012747,0.56270171860821572,0.55781732496310199,0.57351259871176496,0.57989298991037164
PRTN3,0.16527539739083988,0.16442315944273059,0.16360611798281652,0.1512973847761323,0.16431819579657689
PSPC1,0.21444117892506956,0.2146739510786739,0.21503140104262855,0.20140860516659576,0.21893985416996739
PTGER3,0.99015337047996566,0.9805219119794456,0.95074069679369744,0.95783983462296907,0.88225112383292248
PTK7,0.46727937879187897,0.46489096365753008,0.45648021330283961,0.4748983223067485,0.46314820943310991
PTPN21,0.35953711888796136,0.36124372483382766,0.36425176810563137,0.39949252733513885,0.38484795861203824
PTTG1,0.81787719932275915,0.81450239246674883,0.79226303638481055,0.75046112832950085,0.83608591541829425
RAD51AP1,0.85731008022420474,0.85318842084925561,0.82869497133395997,0.8222025747974252,0.886579659304222
RAD51,0.76621228057871549,0.7545853181275084,0.72691163074180165,0.71895312098638842,0.81131111416806845
RB1,0.39083531704384777,0.38799050160448545,0.3778926608442319,0.36851222403782746,0.36530869840531333
RBBP7,0.68551396312089941,0.68698161201187613,0.68721611698981766,0.66805102548807771,0.69589108321558968
RBL1,0.45960817086247718,0.46788433392849499,0.46417749342170322,0.39497272183678933,0.4984178846335181
RCC1,0.088537039199848663,0.088313865406800376,0.088010470057992202,0.10051635400476977,0.085158985770805995
RECQL5,0.17823885070009793,0.17608948540015595,0.17505981814865065,0.17953493378360022,0.17995407816491291
REG1A,0.1316787606530837,0.13105924962622398,0.13063210132559611,0.14083733671617124,0.1351837130947495
REG1B,0.097530457279640187,0.09771731773973974,0.098004057230659539,0.10239587707932597,0.10112851572976388
REL,0.54207036279245946,0.54487179022143706,0.5533818198159276,0.53316373375085768,0.60886505741582098
RFC3,0.28941729882011014,0.28936738555065233,0.28870566587938806,0.27667892844546949,0.28804391907492688
RFC4,0.50589721919063513,0.51108580690240457,0.50482762513180224,0.46975102113197265,0.50801216475508548
RFC5,0.27546302452644628,0.2717740150359001,0.26850278846873055,0.26203236165500676,0.24998406336296725
RGS7,0.88017459453196456,0.87472896563633162,0.86817324090617032,0.82717562784941212,0.9795515269670354
RIBC2,1.4223514484167255,1.4208318297356783,1.4060106799987881,1.5690619573423275,1.4600440423941483
RNF8,0.14669849501631543,0.14571539382962462,0.14356150380217872,0.11692610436175567,0.13486523236510151
ROS1,0.5409845486661945,0.54197981858760802,0.54287038473102533,0.5337567957274989,0.56051233792548616
RPH3A,0.19055055510840344,0.1895472991243928,0.18822661445615624,0.17901272761590353,0.18178295245196593
RPS6KA5,0.59525498607856731,0.58137540403326859,0.5509122379517466,0.52532363497700507,0.49854803304916967
RPS6KB1,0.32162862035699924,0.31870179485421352,0.31518253372749105,0.28315729791718885,0.30334808269970737
RQCD1,0.36292986095401936,0.3633631172629696,0.3626351520453952,0.27439188561958361,0.36347710227963281
RREB1,0.12490706576038434,0.12491289520416908,0.12501961925141686,0.11924930939863636,0.12598280186726482
RRM2,1.109202173777029,1.1037488880235373,1.0515513245346562,0.9967557437607506,1.1180931520777246
RUNX1T1,0.74426882015204587,0.74425459481839995,0.72725900913411579,0.70624635676870706,0.75013051241488127
RUNX2,0.25604907484652945,0.25500470220052462,0.25283695598453854,0.24233744056689785,0.25111011828667479
RXRG,0.28519150301422769,0.28376386619311067,0.28435864327774102,0.30326131746242391,0.28949213963984849
RYR3,0.50433186982687572,0.49854826368509769,0.48868841374571592,0.4633837169354052,0.56507006918891145
SCNN1G,0.47830627549836457,0.48204891746675671,0.4830351457178037,0.49355771791976732,0.50569717437271922
SEMA3D,0.75107137765788246,0.74143450496400964,0.71454929783630783,0.6452314781479388,0.63828396776632146
SEMA6A,0.41138599599212528,0.41110571363026366,0.41823647831147254,0.42412822318652121,0.45392696280216027
SERPINA4,0.34738891434553315,0.34238403097840769,0.34626306488542269,0.34037828875755888,0.35214545177237466
SERPINB4,3.9915910910769044,3.916269342802905,3.9092334045823698,3.9065796448398875,3.786723089605835
SERPINB5,1.1411938111980806,1.1265925825328433,1.0946305006551256,1.3159904730927252,1.2118031075632729
SERPINC1,0.49134383159520995,0.47919164027568839,0.48768501091139127,0.47398696183014222,0.51605377894158599
SHMT1,0.27303619354064712,0.27631870779275347,0.27967719586742285,0.303344815831879,0.31112768946914032
SIM1,0.18473919534971692,0.18307018792893839,0.18072173219491236,0.18301669522890285,0.18191135297306321
SIM2,2.1732143711373761,2.1838282793049406,1.9904068886807424,2.4764377456382758,1.9213996934934148
SIX6,0.24999949493981025,0.24947123154115983,0.25290251166072442,0.25180385627239821,0.27449694933073787
SLC12A3,0.56443155915020948,0.57066828579595308,0.56520889838900246,0.56818016703459595,0.56470466986335932
SLC15A1,0.077719375176801178,0.077564047112126555,0.077478826359237751,0.072591932087882338,0.079908617392944317
SLC17A1,0.084674903711521421,0.08454922960642354,0.084433293288852795,0.090516704780363014,0.085225138314372617
SLC1A2,0.91450396535912171,0.90410659147772565,0.8840919103585767,0.81125115752134647,0.81466140319577385
SLC2A1,0.54973212810187211,0.54978819413888136,0.54782707223715932,0.55479513981107986,0.55541713490172218
SLC30A3,0.35268584591480368,0.35579847454244884,0.35549680750391677,0.31847073884485727,0.37403643975934248
SLC34A1,0.069229057218183149,0.069700876434464112,0.070836261374513654,0.08341594176049591,0.077912280225741773
SLC4A4,1.5010392761282816,1.5034647604611093,1.5070224369741634,1.5239158449337751,1.5153227172283277
SLC6A2,0.63347661370591635,0.61681280394039595,0.6143378129869369,0.59858624804761096,0.62018937225859205
SLC6A4,8.3668012524772326,8.2455745576190704,8.2545632914430751,8.7311596075641074,8.9672799321465106
SLC6A5,0.077410422146267421,0.076876213288940648,0.07626780378851751,0.086599789808311262,0.072014879978248819
SLC7A2,1.6550270920230754,1.6642446462328013,1.6508788500398253,1.8810534173680802,1.7882881147389118
SLC8A1,0.47848514012880655,0.46845566133882605,0.46570309145040306,0.41808001374860126,0.430302094985274
SMAD5,0.66654147126189678,0.66706998396797568,0.66803035380896147,0.57204340707879553,0.67721216204450974
SMC4,0.47903595512053943,0.47957319178846791,0.48182172315373917,0.45845717214421705,0.49555808510175176
SOX5,0.59035981490663758,0.58916963831740865,0.57871485456635496,0.62206226286554789,0.55334641299063236
SP1,0.18569818612939948,0.18441686021777101,0.18340976435295792,0.16565929715686209,0.18015407964705049
SP4,0.22513629912005395,0.22681479639054131,0.22857060957694764,0.19658024138262462,0.24703858620962948
SPAG11B,0.25400815623470097,0.25531373543114189,0.25582760175316238,0.26966411051173866,0.26387892017062636
SPAM1,0.41406843991946934,0.41352947049520128,0.41355157142319993,0.40798054370617742,0.41351227000814028
SPC25,1.1165817371346431,1.1211439110754344,1.0712679350511978,1.1068925894367225,1.1147177200260594
SPRR2C,0.22222222341678574,0.22275955677112425,0.2238958879762217,0.22264654067713427,0.2379081080351575
SPTA1,0.44574159404160552,0.44092899000986813,0.44209063964297396,0.45350338806171714,0.44220504654956233
SSTR3,0.053367157259840932,0.052516924891129371,0.051844169563687308,0.049035820689069219,0.048496190636553874
SSX3,0.47537620013630866,0.47533349337711783,0.4759926207013252,0.47632019715302981,0.48221252211054877
STK4,0.2302502127184157,0.23031082782913423,0.23049413922639198,0.13772399525202783,0.23280220067911533
STXBP5L,0.52017030061905656,0.52814331543365556,0.52312532817113289,0.52599555207203863,0.5451138238860268
SULT2B1,1.033240920758588,1.0074819366486105,0.9619015951684966,1.0143711270875626,0.87010698076367154
TACR1,0.25940490890190376,0.25739803089036767,0.2537104784684231,0.24831259639505829,0.24116435037774503
TAF5,0.36925882171489088,0.36671835225395727,0.37008957657563224,0.30435930880341455,0.37486024895820436
TAT,0.34428689480575086,0.3462379405644454,0.34906480337184564,0.32070918438383561,0.373573898863021
TBR1,0.46248907846500448,0.46120609521043532,0.45775064314247799,0.47367079657625305,0.45036519193464203
TBX5,0.50626721896209304,0.50914003709422506,0.50866160189374443,0.52703104250152111,0.54906573016192062
TEP1,0.31915566220619851,0.31651303741589232,0.31348892945109363,0.31997484831529388,0.30010312038803766
TERF1,0.20396368314998303,0.2035721453876024,0.20303717145141617,0.21374732209304945,0.20138497615111295
TERT,0.2476863140096244,0.25109656712385792,0.24922469918979065,0.24066049331247544,0.25761348412439466
TFAP2A,0.61393157902269802,0.61735857488372714,0.60186033842659503,0.5419896102946048,0.62842961159249522
TFDP1,0.31666149501120278,0.31660299306925849,0.31627217758365811,0.28404385623497375,0.31677366944406316
TGFBR1,0.32297520678597219,0.32019978705157109,0.31945195183051095,0.30620356423112183,0.31436638883936152
THPO,0.38399497336226668,0.38147571219504522,0.36231384938548278,0.31181765990278504,0.35992393589499755
THRA,0.73756024826676092,0.73281756375207585,0.72867043926433928,0.6106581244067657,0.74680594599037842
TIMELESS,0.35615931987138794,0.35481854191520912,0.353544065920541,0.33445145247848262,0.35866257647048316
TJP1,0.21763327704011534,0.21706496075752638,0.2147893425195882,0.23863567102366562,0.21033510020885374
TK1,1.0135377620709931,1.0100484534854501,0.990630557539111,0.97550006119012656,0.93319179075424896
TLL1,0.69528858606102972,0.69418421125166363,0.6944886668892577,0.65535379527183446,0.70061171211720363
TMPO,0.25549883340982749,0.2542745094339916,0.25294857613350913,0.24234718476332748,0.24474910383592657
TOP2A,1.3013109381076875,1.2927008739380128,1.2747177488048729,1.2786500622850607,1.2922445097594761
TOPBP1,0.22438813153531795,0.22447292818320333,0.22353370365227401,0.19463642883176513,0.21962106160616363
TP53,0.55877736973008918,0.55788922969621257,0.55957243138555168,0.58270121421396714,0.56262190683120239
TPD52,0.74166592515884566,0.73666857992147972,0.72932596962185314,0.69370150728044988,0.714352790019251
TPO,1.4939949515016249,1.4821223047139076,1.4437370573194355,1.4970931029526813,1.3509765679560544
TPX2,0.9188277839251916,0.91466338838925609,0.87152316778393668,0.93854232364644241,0.84076570296722308
TRAIP,0.36472457402557512,0.36573016985521739,0.36467280030305677,0.3276444136483217,0.36707917248914679
TRH,3.7824286049022695,3.699043422801112,3.6545522998266851,3.5213631032087962,3.6409362509879668
TRIM10,0.11856142440080965,0.11808931327524898,0.11806653844583069,0.10875719831727519,0.12210237133348772
TRIP13,0.75082645256271308,0.74340243152299201,0.70915935696211396,0.7860670237841233,0.72379482722983735
TROAP,0.32214313538676731,0.32592942985936413,0.32303597860719468,0.3361540382127074,0.33478900966803377
TRPM1,0.71683707240629324,0.71750935984508235,0.71848927869742185,0.75467540736592398,0.72898273321603646
TSHB,0.10688415346133588,0.1065582530850919,0.106253392805851,0.10518158839239958,0.13135786111111111
TSHR,0.31651245822423751,0.31728801019571323,0.31790998365358519,0.32924497680956016,0.32513347676725929
TTF2,0.32995207191772141,0.33119161537175862,0.3304853320881157,0.30709656164315952,0.33447611209239869
T,0.095977097811753287,0.095425594177737591,0.094701742766881508,0.092843019579622696,0.091674310496004219
UBE2C,0.81573502343771931,0.80458364003600114,0.76874908852019463,0.82184141400518129,0.71236782517615638
UBE3A,0.25787000476743371,0.25707091105094643,0.25575988007880657,0.19080874482578375,0.25030588671542309
WDHD1,0.506493025333837,0.51007222669507202,0.50508591799580682,0.50046189333378688,0.50247918546048509
WDR62,0.28606777530135907,0.28668181951118105,0.28775389833925608,0.27426409956319453,0.2964593160286873
WEE1,0.41993068797204003,0.42057919372526387,0.42142818765151419,0.39100657693531576,0.42854477742407221
WISP1,0.80208907433916543,0.80415386633809349,0.81169779825276722,0.78100304190858927,0.84739725793311815
WNT10B,0.64452336634188312,0.64560137729359057,0.63811394407938105,0.61118621001424023,0.67775441202602738
WNT1,0.035134377862892106,0.034367864636404948,0.032644681166064365,0.0204317988460215,0.029961768316872309
WNT2,1.50818010545488,1.5360729584530166,1.5341378297536923,1.5533573687688591,1.6371057112066434
WT1,1.9890551674919028,2.0237755520471175,1.9093190781314051,2.5061383026273147,1.786719664285046
WWOX,0.64231952197517417,0.64170109419227739,0.6410156256324463,0.65670830594879936,0.63856399286818943
XDH,2.0695350413655049,2.0586042216672564,2.0405695541578304,1.9286837638442176,1.9948930673805452
XRCC2,0.34213103285286312,0.34103367386340089,0.34023107752656784,0.30507072035116517,0.33699290330839449
XYLB,0.32614358698083934,0.32777705489635939,0.32551427743623113,0.28677896108086987,0.32927890175048813
ZKSCAN3,0.18513013732064018,0.18570344494357904,0.18623219586742415,0.17748980623418259,0.19302507063147623
ZMYND8,0.22738518487253956,0.22560192792526143,0.22329926751244814,0.19198733579779195,0.21708938130240374
ZNF141,0.16893053066008901,0.16857600044181295,0.16798353620627454,0.14450531767232699,0.16655668592652584
ZNF37A,0.2389374648411112,0.23815754600315539,0.23694874787842771,0.24836243885254372,0.23125654232968243
ZNF79,0.15861122284911311,0.15809926349439507,0.15923608326876956,0.18830024891555142,0.16652029533656293
ZP2,0.38538385726479474,0.38736721950556141,0.38854289510667628,0.40872536286587929,0.40347182304318768
ZWINT,0.46066068376885672,0.45949782345118567,0.44965200562114566,0.4808472302819406,0.45250282229017447
