,lasso,enet,grace,gblasso,composite
ACRV1,0.17275615580891401,0.17348537446699386,0.17306636085649829,0.16239513806470271,0.18606092489743539
ACSM3,0.27344093644375544,0.24076271752208087,0.27309993030009361,0.23954045237126531,0.59980321278081683
ACTL8,4.4258396763070245,4.3365410168205889,4.1318979224942893,3.7841246474908523,3.4981174555279075
ACVR1B,0.051946786676226792,0.051899514083575682,0.051779844590838134,0.053570885791941733,0.052761264487489488
ADCY2,0.47061592129629631,0.47061592129629631,0.47005765629830509,0.45886041826071317,0.47144421279292609
ADCYAP1,1.3421107641874672,1.3305200256145635,1.3264196782722475,2.0660919344656166,1.4278262300328584
ADH6,0.29058177220864778,0.29041864877355023,0.29378511763440068,0.24983158395000468,0.29390756957682618
ADORA1,1.5959908653247776,1.5910325339859079,1.5779822551144642,1.4240446910814297,1.5624375018496306
ADRA1A,0.13741375201289188,0.13765808516601549,0.13834384696218363,0.13565777931198386,0.14815605684486588
AFF2,0.51358482151144502,0.51053076665547348,0.50947785548330959,0.52003257538754843,0.51284936500374512
AFF3,1.0281879356565771,1.0117975731361628,0.92776320597982798,0.56121318558933941,0.56739041151144187
AHSG,0.15276020827423126,0.13583363078665428,0.14953741703714532,2.4489260409579838,0.21243472688133569
AKAP6,0.33233136527231316,0.33231800301058967,0.33277410454434758,0.33209164369047078,0.336677972401634
AKT2,0.1813844524902779,0.18019034820791685,0.17834790835633763,0.16532825071036331,0.17034230336188608
ALB,0.95371353217980914,0.94833183871947235,0.94833061878531566,1.1713288589828483,0.9430849514019809
ALDH3B2,1.3951901554323602,1.3950516246481111,1.3878914087167595,1.2778915628440259,1.399212208197665
ALDOB,0.15918993472523424,0.15864966917013254,0.16067286642076195,0.16110386367421606,0.17115602190904389
ALK,1.0139927280659453,1.0023081532375837,0.98671246138104507,1.207568437052515,1.0038646317622406
AMHR2,0.25667528038099058,0.25530868149336117,0.25777108917799291,0.2578445420991568,0.28411083107197743
AMMECR1,0.482681305649723,0.4830353727009522,0.4835760265233412,0.44180405434926623,0.49273797025824884
ANGPT1,0.47159805162349389,0.46362917699420014,0.46646801731425547,0.39452233706768897,0.46607074469940807
AP4E1,0.10893251607943012,0.1084536656978778,0.10758366504946539,0.10259219973550879,0.10459475033818061
APC,0.16563597482288459,0.1661454274450179,0.16705673694942794,0.15910539406315877,0.17505135182748871
APOBEC1,0.66283499521976574,0.66459223269942569,0.6663830342688809,0.70634198001807835,0.68743295459211284
APOB,0.1315632251459814,0.11969827792222099,0.12921367085385449,0.11711984419842512,0.14971686930324299
ARHGAP11A,0.90078358115668133,0.89906057813751117,0.9018746873687421,0.60703831491878246,0.93798351823859938
ARHGEF12,0.22504211650273098,0.22545290226831222,0.22629337706771938,0.17494296599043452,0.23557620827591982
ARHGEF16,0.50763914842791025,0.50721167523237043,0.50667482817501486,0.41412117627296535,0.51304452700890968
ART1,0.1926689223986037,0.19160848933750085,0.19042898451877507,0.18788405602873445,0.18019672020274924
ARVCF,0.20142309294996188,0.20134034925329855,0.20136697199687326,0.2042653137851852,0.20506402839255283
AR,1.9459579503244089,1.931934943742929,1.8735359435673018,1.3566009270308792,1.7990985839597096
ASCL1,1.8546367270457151,1.8398936405324806,1.8229841208747517,2.0397414082224787,1.9418752888243658
ASF1B,0.44802751213949576,0.44573663788042395,0.45035499304876558,0.35692916412416376,0.46695187426180312
ASIP,0.36209026415270495,0.35610190591971169,0.34705704549915783,0.32214251020853646,0.29031812477539748
ASPM,0.90644353684607271,0.91187537428107179,0.8816987734896029,0.52470239372653049,0.71990333717242772
ATF7,0.11584564572182333,0.11626077246166043,0.11635508541816149,0.11041052837855771,0.12108840221320073
ATP2B2,0.30104393634045323,0.30037229876988014,0.30004735787655057,0.30206072329950939,0.30148853851431101
ATP4B,0.26269995512853911,0.26188696377376891,0.26038079858714069,0.25023235853255088,0.26501402466710905
ATP6V0A2,0.21581188242802507,0.21573557256629106,0.21559467745906355,0.17386697003495236,0.21701758525725248
ATP8A2,1.3205379549744205,1.3144588037986298,1.2998626785836664,1.4218777099804225,1.4490752200384664
ATXN3,0.13807521261245348,0.13855198822061385,0.1395942049545463,0.14279459642420619,0.14978732212532844
AURKB,0.63221065898963424,0.63321142795830265,0.63343182941422438,0.37410357202808897,0.65913378653326238
AVPR1A,0.44627325759837433,0.44907699491957787,0.45152149835101696,0.37202770711704763,0.46207589582019787
B4GALNT1,0.56954130409169779,0.5679784830225475,0.557344003533773,0.42704440213293499,0.55228286176133201
B4GALT6,0.29464477537171718,0.29372063250647917,0.2916874140728824,0.27176539086360174,0.28988207675464339
BARX2,0.81356220134220592,0.81335586970132201,0.81171281150199071,0.77927103685809052,0.79784724289339382
BCL2,1.5563233163344188,1.5338187659525688,1.4030753173917405,1.3548003229292565,1.1318087115383955
BIRC5,1.071027012485164,1.0775515304532752,1.0297565928247248,0.73281513456186553,0.84986368126621725
BLM,0.90830653812743589,0.90819785970270006,0.9084422266279395,0.65173519965889404,0.81120036812323826
BMP10,0.092660456808907582,0.092660456808907582,0.092660456808907582,0.092660456808907582,0.092660456808907582
BMP5,0.45742618631782866,0.4634724941686072,0.46036238062110341,0.56259697302700773,0.50568395478689521
BRAF,0.53697399838434101,0.53799533632362617,0.54176256912516296,0.54104266465174566,0.57643298891766392
BRCA2,0.77895347534428461,0.77910873465443609,0.77088514459833801,0.70983678632324054,0.81617860360479155
BRS3,0.10653876920605455,0.10645431159489938,0.10639750263824235,0.10770625462962963,0.10737283670688998
BRWD1,0.22425640813350411,0.2253328720973119,0.22475618876233266,0.19177171495789019,0.22923383086018265
BTC,0.85347384724272002,0.85792267858263149,0.85776765931105037,0.94707767129137321,0.97274593393616515
BUB1B,0.83271320656913361,0.83232787136032516,0.83173704712833985,0.56470087077602726,0.83982013520550625
BUB1,1.3177103385196896,1.3349260927073121,1.2880564991146652,0.8642719771080708,1.1904926242728402
CACNB4,1.0876204622959469,1.0909427154956017,1.0913437120003129,1.0071430730150748,1.1050145290106801
CALCB,2.2488443059251253,2.2473044128666242,2.201232722901652,2.4724708940408568,2.0984102149516328
CAPN6,2.447307259480346,2.4508600019215261,2.357904270594235,2.46218392324332,2.303008823923312
CASP2,0.13681783044682813,0.13720504392325694,0.13781548289784307,0.13499552956115413,0.14382435447874606
CASR,0.18243588314932555,0.18234156650897285,0.18076939920887755,0.17907877925553053,0.17473679783533477
CBL,0.17929857521164255,0.17572329619335456,0.17377981534252424,0.12517392881409864,0.16509023320252533
CCKAR,0.17603313379348415,0.1765103147412366,0.17753919030509901,0.17669190715361124,0.1844813098527259
CCNA2,1.0110212370696834,1.024068222035263,1.0258318511724824,0.66341378173818277,1.0936187750577904
CCNB2,0.80980161149171359,0.81739527294755321,0.81984965592975789,0.54688397064765826,0.77486763790019197
CCNE1,1.0678905023707974,1.0630077454242088,0.98961776012598446,0.68273544805029684,0.84079410246265229
CCNE2,0.92094261028607538,0.90036985731764219,0.85288197053580395,0.55679171648955283,0.75015720131369223
CCNF,0.40936448684637222,0.40652937232585107,0.399847694301534,0.31654574056213491,0.39158409444529524
CCR3,0.28613508667740722,0.28717174362566128,0.28775688072662475,0.28566618612623368,0.28561066895548731
CCR4,0.23302564111368049,0.22869088099130919,0.22452829161826404,0.23291588285931542,0.22593666228523457
CDC14A,0.98082586425821106,0.98109555293724582,0.98358341416287853,0.98884534143380165,0.99681151520276368
CDC20,0.87623032640043663,0.8485276765956985,0.78413495974102942,0.49632350683727994,0.6033247781412675
CDC25A,0.48713983133929095,0.48314067297694929,0.48593403086986842,0.32367742215973994,0.49495584498351874
CDC25C,0.66148179583251765,0.65985263238779646,0.66102855580686826,0.62353147842183076,0.68653180640488876
CDC27,0.12574213339634269,0.12573022528284769,0.12598266996586924,0.12511589559423897,0.12875628634951494
CDC5L,0.26048100584379119,0.25955316539867146,0.25775891426047548,0.24469543913017361,0.25168744248662261
CDC6,1.1670376243745355,1.1709409723748372,1.1432333096666623,1.0376460212672891,1.1337389447661292
CDC7,0.86578799734931544,0.85713680713460672,0.83222416536384491,0.59099727465840557,0.82093658078255316
CDH1,1.3521198755395221,1.3297104497528422,1.3137860840336921,1.2244275610037376,1.3278557911643356
CDH6,0.34809232015217684,0.3487012871547216,0.34351480450070127,0.31222480584081891,0.30402137981458693
CDH8,0.40364503088419645,0.40322185033895802,0.40267535545514621,0.41492944907381912,0.40744711119295401
CDK5R1,0.35662952852821228,0.35626822291330595,0.35570519820030483,0.3163488530700686,0.35850140930243224
CDK6,0.79274132705893074,0.74990518109060733,0.76082139354120315,0.50378931524843296,0.70855196541926679
CDKL1,0.35864129282407409,0.35864129282407409,0.33734777381106551,0.29076561280334717,0.24390924611705639
CDKL2,0.91270341996774984,0.90646143709205573,0.80938298122233243,0.90588846963062131,0.56498039417887314
CDT1,0.52762590784733232,0.53224694463960809,0.53275528703481267,0.36502030882821335,0.57705123122321045
CEACAM5,2.895332980591339,2.8581166421522792,2.7889233433781366,2.9955489769905803,3.0353308363243974
CENPA,1.2355300764144326,1.1865630869750645,1.1234729354258168,0.65814956847927475,0.8716277871543251
CENPE,0.87293345865363903,0.87888368602479006,0.87095785365006884,0.53322831086897626,0.80698741253960193
CENPF,1.1333484280834074,1.1364294691990906,1.0890032955688698,0.84528836512137184,0.92978152618328791
CENPI,0.85136977404721659,0.84968728309817732,0.84197227662989982,0.5420089312678894,0.74632581460368574
CEP152,0.27168651193151955,0.27150347707099248,0.27344601029879095,0.2398258165501217,0.27060562006127414
CFTR,0.83582924298431227,0.82718085773255134,0.81912828297568419,0.71386570668290772,0.78832528761775644
CHAF1A,0.28492989281755737,0.28535805036204737,0.2818012599528652,0.25719035373757843,0.27794496330605317
CHAF1B,0.89735285648868712,0.89597643280656525,0.88986819548840523,0.64603657122626068,0.86940204032966695
CHEK1,0.66864845961289487,0.66996339696693596,0.66495285791889047,0.54105106536220127,0.66812384875906006
CHRNA6,0.61633418839910248,0.60406956402645762,0.61272685433726948,0.63218610225923733,0.62823291028617811
CHUK,0.29150176055486471,0.29052932941137549,0.28907720496451672,0.28499947127026237,0.27951674522303543
CIITA,0.26681368280093787,0.26571319371316759,0.23587171567822179,0.2138938247852715,0.20288467312042135
CLCN5,0.92392094279161319,0.91315672820008165,0.88024529936718465,0.8256956670727954,0.77462700206048485
CLDN18,0.066219905803838019,0.065488298950453008,0.064575776097634416,0.061822272268688097,0.060845136277276696
CLEC4M,0.10519541393852627,0.1050330505934457,0.10480286986784504,0.10633568702823858,0.10887158801061528
COL14A1,2.1926315908049898,2.1449333955038479,1.9852333758477447,1.6148108129492778,1.6502609192271731
COL19A1,0.20970607282781445,0.20979290045164281,0.20968485938987916,0.22639459354957514,0.24498385393888431
CPA1,0.28755712854808546,0.28566242251456897,0.28347404335727266,0.27159176043583033,0.27341882618006685
CPSF6,0.11359363127648001,0.11345532489275732,0.11306204279386003,0.10712246891468566,0.11369800029182134
CPT1A,0.34377947579000828,0.34303768449050548,0.34101539157126121,0.31281227733278844,0.33057902502571629
CR1,0.30646554114597691,0.30336864969717431,0.27667098160583259,0.2858734251195898,0.19615983206764703
CREBBP,0.16801937742161777,0.17029805328627187,0.16962608900945869,0.16181537696881221,0.2126671361330896
CTNND2,3.6716489028186792,3.6712831581746066,3.582396647549996,3.7418132788412333,3.5274367782874574
CTSE,0.20030752112268521,0.19980851761907306,0.19898312080132041,0.20030752112268521,0.19519877909118735
CTSG,2.2797787568611936,2.2526397179683939,2.1295258784145981,2.30626738203599,1.8718247745560632
CUL2,0.16112972257271799,0.15814749507949943,0.15377421774435196,0.15367338187983423,0.1549666712511911
CYP11B1,0.088332571240490251,0.087644415404119061,0.087635241863195434,0.087538130039720038,0.099702132457548498
CYP21A2,1.1368466068164906,1.1172321622028849,1.1006931487387703,0.86105135285738021,1.2281240808864278
CYP24A1,1.5906638130594088,1.5785114373956932,1.6185715621544563,1.8379463379974681,1.7886540203826182
CYP27B1,1.6234367120295492,1.6138275137159084,1.5286769863073826,1.2041747433883518,1.2800960340327194
CYP2A7,2.4243793999372607,2.3973960968154482,2.3885751910098239,2.9829720651557272,2.7499463504822979
CYP2C9,0.30396248154176703,0.30575503955365957,0.30453755530065146,0.29535647302616458,0.32191945338585448
CYP3A4,0.44766754815179427,0.43968894163539279,0.44035751891479841,0.43279163039469593,0.43487177416364486
CYP3A7,0.41450900269353891,0.40707053050616748,0.41367985847413108,0.41767916484075501,0.43355928932842719
CYP4F2,1.3875500669739798,1.3977393443401116,1.4010753025358116,1.3265738613680058,1.5485034776327966
DAZL,0.71779553151573317,0.7087576904043672,0.66010769490110799,0.58854581280316298,0.50513832901043698
DBT,0.1035765328840719,0.10320834921951327,0.10283868140026649,0.10106133158549586,0.10558623419948328
DCT,0.083059162696754035,0.076574694121607875,0.078361183729167672,0.070975587662795908,0.071992436642725366
DDC,1.9516933926569915,1.9209602764632487,1.807418494975956,1.4225124870039312,1.4891008786458939
DDX6,0.25877864540265416,0.25927917747729812,0.25987560133776844,0.25756154629629635,0.26562591858876605
DLG1,0.16231693254775875,0.16152419235397913,0.16035747289143162,0.15762792386451976,0.15622726713675478
DLX4,1.0109599678341159,1.0158914337984251,1.0151610662894697,1.0171292042025852,1.0331599141122421
DNMT1,0.17730069029817858,0.17488274270862902,0.17220015332468158,0.13441410620134853,0.16126990579689984
DSG1,0.71607157200736082,0.70635895626382439,0.69132093017140051,0.73240994607499055,0.7325271902172984
DTNA,0.80475647200350808,0.80706245495395046,0.80174692474373288,0.6957198577650765,0.79314808324224351
DTYMK,0.26501296683782827,0.26442374246086797,0.26262720754101704,0.25846120060282624,0.26012663594947572
E2F1,0.52737388518627049,0.52975757476269769,0.52716132759717682,0.3433178484469715,0.55607707282891261
EGFR,0.56940946002804305,0.53903452869745339,0.50017880797464287,0.40828223837413613,0.46997480674292041
ELAVL2,0.83819402325669967,0.82590326586068252,0.80360931882160269,0.68848639127170519,0.75133292120909168
ELK4,0.24455954511502739,0.24400911902147421,0.24251902805597825,0.21121548439422572,0.23771879327167497
ELOVL6,0.70318149248350459,0.70609865665783278,0.7092926701926755,0.65572253181694595,0.77848094282534985
EP300,0.30969427149956252,0.30783734674880814,0.30651532816736626,0.3021645408831482,0.30024248915762908
EPB42,0.30989184514180684,0.3094118497097732,0.31011327598020605,0.29776349854280371,0.32102530186846473
EPHA5,0.37388385477529268,0.37917097062652366,0.3751478016815406,0.34284331002025553,0.38233070548313847
EPHB1,0.57683278290022433,0.57074137625007548,0.56311680476263215,0.45650103505565415,0.64738014768185526
EPHB2,0.51479223988997169,0.49121841105242947,0.45462249372350988,0.43662942366128693,0.37079052720090705
EPHB3,0.5792511377211419,0.56559592200029696,0.55901000850039584,0.53657639954228653,0.51392783185279156
EPYC,1.6769053290527596,1.6669261161233597,1.7036395644513593,1.4764584022160836,1.927201273699342
ERBB3,0.51340939015811837,0.50932646517043145,0.49621958308664527,0.29293484371216555,0.36518316036909149
ERBB4,1.4472897774134756,1.4385659678490936,1.3936763291320842,1.1310315558163844,1.3475315546917102
ERCC2,0.21604987245416668,0.21604987245416668,0.21604987245416668,0.21261323127987741,0.21604987245416668
ERCC4,0.23417572250579385,0.23094729817271561,0.22714178024930909,0.18895140558336085,0.20689617384238701
ESPL1,0.21130361039668721,0.20964887870174759,0.20697766089948347,0.14427860225376735,0.20384078627154315
ESR1,2.0925128834972373,1.993577656745221,1.9325091754419825,1.5284548900972268,1.9657654726537073
ETV1,0.62142535304763002,0.61811007887696789,0.61806667851543629,0.6517293384925501,0.62309680400842027
ETV3,0.06550057432863654,0.064431594925866073,0.063207725623469962,0.062093083060622202,0.057679441719866241
EXO1,1.1025463570805398,1.0973399766751397,1.0988606067770295,0.77905348825388643,1.0969189176006449
EXPH5,0.33378152304121306,0.33079955713908749,0.33866685256646495,0.32702783697229343,0.39313873268935245
F2RL3,0.1645835259410719,0.16384283217014931,0.16447228515616691,0.16130709555301823,0.188403349764168
F2,0.093699611354175705,0.088485290209909626,0.091400303377828229,0.088692953637578398,0.11549478029809093
FANCC,0.134544472276905,0.13386355270173447,0.13525830689818386,0.14471957727336868,0.14947235817925983
FANCG,0.39986911877401926,0.39831487235980173,0.39867786570630781,0.35349863974272361,0.39836059949035724
FANCI,0.58523152819255886,0.58020290120441809,0.5858157430442551,0.51077404489787381,0.62713238878076094
FASLG,1.0966454878546887,1.1324361526786555,1.0674964452751676,1.0581324420462652,1.0974582286910857
FBP2,1.3720220187977861,1.3700820341112327,1.3697420776158982,1.278705298408138,1.3685571372197867
FEV,0.13232742129629627,0.13232742129629627,0.13232742129629627,0.13232742129629627,0.13232742129629627
FGB,0.51646159168554617,0.52497418452197919,0.51352375442967935,1.4599455177757235,0.70780993130655567
FGFR2,2.1062291335419783,2.1074476497471832,2.1064530228543026,1.8252893702276529,2.1076092520806631
FGFR4,0.98556771528872555,0.99924460477824095,0.93936883765723111,1.0986173446619876,0.82375732530437862
FGL1,1.2168318451855304,1.2136407171902031,1.2144006674913217,2.3041993816670665,1.2736125054800209
FLT1,0.45392682354963293,0.45420515292024788,0.45679429044597425,0.46438683161845923,0.49443616418436065
FLT4,0.10961470807261829,0.10917361846085694,0.1078398871669678,0.10445556894857007,0.10659292143418338
FMO3,1.0509965292757895,1.0530113865543596,1.0687472916319076,1.0993565691076279,1.1705678833899578
FOLH1,0.85672187862850302,0.84880674713480542,0.84480165223350334,0.87938253276918787,0.81548097019840238
FSHR,0.18222653835735211,0.18253033891832365,0.18319713763216541,0.18502794697638475,0.18844724919005013
FUT3,2.3822901482326264,2.4245952338496526,2.2331921142106865,2.0884913393731774,1.9155783998959313
GAB1,0.32515141185474772,0.32627561305403519,0.32202391454311879,0.31503122715632564,0.32573573994506355
GAD2,0.18375233598431287,0.18339810092351391,0.18305018288724831,0.18427704629629632,0.18357525384974635
GALNT3,2.0984772404003396,2.0759879571936555,1.9725872818581844,1.8868637834510957,1.9672009459460869
GCG,0.32863609259259258,0.32863609259259258,0.32841141154651937,0.32863609259259258,0.32863609259259258
GDF11,0.19808511363957251,0.19715685519425616,0.19550892104127462,0.18485829732050571,0.19284173598165871
GFAP,0.082474604616169345,0.080918345965754132,0.080690751792367871,0.080712897077392931,0.079573350201502177
GHRHR,0.089239597674531115,0.088602962751485326,0.087849761477549207,0.087248663586038763,0.087366745831198508
GHRH,1.3186007247997582,1.3052827280288057,1.291599683751554,1.0083681264186655,1.2777713639596737
GLP1R,0.1292234872706213,0.12840864567051657,0.12684080274604015,0.13141763093571135,0.12982531944246664
GLRA3,3.4234316269785134,3.4543232033914442,3.2970433440655116,4.267512014433871,3.4613830479581198
GML,0.069885023200167429,0.069025052850840207,0.068835408670963813,0.066651826337766631,0.069599312878268316
GPD2,0.3778805743172402,0.37789974656851144,0.38249970433538522,0.32102872357338791,0.42286118601018885
GPLD1,0.3762898999160002,0.37551490148957328,0.37367897493043029,0.39519887826240141,0.37420785690247954
GPR19,0.73615570992999102,0.7279232407726115,0.71181338327093469,0.49376885721500952,0.70510264067204587
GPSM2,0.84590805846202832,0.83389024213938878,0.80522270274326402,0.57920827966563082,0.64447333660733985
GRIK1,1.382448506327951,1.3839990906069659,1.3869567989393212,1.2218405915129424,1.4093297817261912
GRIN2A,0.29338123659192789,0.29949550609424985,0.29593944408588185,0.28163172681882936,0.31238789382452015
GRIN2B,0.61692729696423787,0.61789955727458112,0.61956522734747266,0.6076673334166105,0.63332636299742118
GRM5,0.063156556191754698,0.062790180240269208,0.062873816343037695,0.063808614364090105,0.061973980394409225
GRP,3.8912451362253528,3.7407334308701468,3.5649659197658212,3.5977161756775766,2.7815991609993631
GUCA1A,0.19188396386517947,0.19124389874017247,0.19113239588695621,0.19200277974207813,0.19255570837159883
GUCY2C,0.45762297067654428,0.45356474483903614,0.44065518279828786,0.4307911091826056,0.36473395722496516
GYPA,0.34312825158639376,0.35229600009622042,0.34520640566157784,0.34724870875167002,0.35301568527713267
GYPB,0.34830056271797888,0.34929031758828349,0.35036099499100315,0.37898118875778714,0.39475633825658235
GYPE,0.17758566714497179,0.17466556813685738,0.17031967764067027,0.16597794321405271,0.16340243627310722
HELLS,0.57220420780871506,0.56570156019730189,0.57342268997568435,0.453185430385044,0.61315157536812825
HNF4A,0.068728570888111726,0.068500313911856639,0.068553030488287162,0.073689897918774325,0.071507429383393439
HOXB13,2.6877681304347449,2.6137493974941104,2.3850635754746006,2.2980563392465432,1.9965725443219926
HOXB3,1.6424470336422046,1.6498028548850909,1.6455080995331313,1.4653636145376359,1.9624876112294087
HOXC11,0.71924842526946764,0.72891244694596347,0.64374255777039768,0.68407942374252284,0.52883352072298295
HOXD4,0.30782880399264806,0.30831801556347077,0.309118046602253,0.30348753889847452,0.3152051183861489
HOXD9,0.14808062540709796,0.14859742922285457,0.14963182934007438,0.14027655602801195,0.16632490837148317
HSD3B2,0.15175188822359797,0.15176603788151904,0.15214700558016409,0.15791241855550689,0.15575889694375769
HTR1B,0.055434086157455702,0.054852553732739874,0.053734829125252688,0.051636773080616996,0.04908642220024096
HTR1E,0.84124626659824076,0.84085787633847398,0.83523755223442264,0.88402015224982355,0.83794817488907269
HTR2A,0.54700779643447184,0.54686969906450245,0.54735136221509872,0.50831600332313065,0.55175096076646857
HTR2C,0.5305961061326252,0.52270579727214794,0.52133533425438972,0.47433927650265817,0.51665482165417509
HTR4,0.079647032356614064,0.079636598698155342,0.079264770857397332,0.077673159062151303,0.080647510383380736
IL17A,0.080535265769528491,0.08044131472671337,0.080363230629387897,0.081324911567772953,0.081305964814263026
IL1A,0.45415250139220148,0.44290395948947547,0.44234231145075564,0.37582331217379733,0.44489208691478271
IL3,0.0554465377299082,0.055201596700062652,0.055569308695086972,0.055678436933440371,0.058617283636189725
IL4,0.11532194273518057,0.11580987434562688,0.11714722850027899,0.13741793306696581,0.14222479379054184
IL5,0.098561271589066635,0.098690981902494562,0.099020371140558172,0.099414682278657171,0.10334161687184731
IL9,0.17318983513788777,0.17350396071887264,0.17397299517060022,0.16830107934665706,0.1780521449772918
ISL1,0.58506522526253846,0.58729833580021429,0.58478918212827169,0.66892427995522696,0.57642763623798376
ITGA2,1.3216642116646715,1.3225070708959934,1.3061512313999946,1.1539438657983365,1.1830749219811751
ITGB3,0.76995936749390392,0.76965395171618722,0.77027140879310829,0.72663125670344375,0.79535847484255062
ITIH1,0.099418656673425809,0.093188805492066637,0.094684562149718945,0.091454076993384648,0.087559565724992169
ITSN1,0.25050927886219626,0.25022460267558572,0.24893212027971232,0.24788087212914536,0.25811568844456168
KALRN,0.31726233727840014,0.311201180191372,0.30288765205957469,0.27959515371470178,0.32392738918258507
KCNJ10,0.24760904238397274,0.24786452469802131,0.24574832675329042,0.15797677749807579,0.24214769341622994
KCNMA1,0.92656971374339869,0.92652615746028033,0.92593107472752578,0.8662747085507484,0.92769163583697556
KCNV2,0.095770076388888889,0.095770076388888889,0.095770076388888889,0.096426996696501621,0.095770076388888889
KIF11,0.40668236248864859,0.40691978920425531,0.40137926161610871,0.26953314996448302,0.39154717132976252
KIF14,1.0836913513102591,1.0897943468939357,1.0795834647834703,0.71809275677291728,1.043751258275148
KIF23,0.99991791338034497,0.99646401419854014,0.99992977082389412,0.80194672662439859,1.0227013400715275
KIF2C,1.0763406164902753,1.0783970625779566,1.0348397521406474,0.6202979792909411,0.76883747851064477
KIFC1,0.70086590101717594,0.71120949896364494,0.70246180485846688,0.52027937279586622,0.60850959338109667
KISS1,0.06126785999251954,0.061442485439541283,0.061773260562021495,0.063505877852324477,0.064856717003348371
KLK3,0.1764287551826261,0.17700408608485618,0.17582277942624205,0.18212492949719805,0.1743117975627389
KLKB1,0.30737743785241628,0.30694942062767427,0.30641433119848893,0.30494155327014477,0.30460886879976434
KNG1,0.26852352073069025,0.26973086897093607,0.26680025998018531,0.27230655199313097,0.26147139256294039
KRT1,2.1360691031164944,2.1158370584678501,2.0539547371461135,2.2914641134764193,1.9207325597904277
KRT2,0.36427277705223027,0.36206655560866641,0.3602555706115127,0.34193169653966071,0.35437969183302492
KRT33B,0.17319204135214641,0.17482839419552315,0.17733112982826355,0.18969829777296673,0.1957164820599781
KRT76,0.11489329465974302,0.11497700184452334,0.11515056830377306,0.12049478677187221,0.11747449594603637
KRT86,1.4162420390667492,1.3989764472852091,1.3908979788622926,1.486734649600403,1.4722042472206882
LBP,1.8374799654264933,1.8141120521180014,1.7006164961082102,1.665038076271272,1.3468924346490267
LIG1,0.32309727811464328,0.32355194713473606,0.32544082849010492,0.28449480384545445,0.33776470369345113
LIG3,0.25798064764818268,0.25847067215952668,0.25680558397635062,0.25741076430354132,0.25887039850549087
LIPC,0.57667453855401718,0.58106181456315753,0.56512980739135066,0.54155160500874022,0.53226057519282044
LIPF,0.48542992074471936,0.48474756038817463,0.48354321875550577,0.46638536373819273,0.48033790905776935
LLGL1,0.10646410477397807,0.10618198326171863,0.10563878959169372,0.10358553509750244,0.10404325790765376
LMNB1,1.294414939290168,1.287505737171416,1.24956158538849,1.3489091817837988,1.0618511788522598
LMNB2,0.35038869760595398,0.35341024989082997,0.34976348938896734,0.2820750776137278,0.33815403349199996
LRP2,2.7072157607677187,2.6612076959612181,2.5954974818557508,2.7484444845892373,2.5016521575326767
LRP6,0.4268742839272508,0.42532585150186164,0.4242206757590779,0.39649537292451248,0.42278789200720129
MAD2L1,1.1632834042397087,1.1666201910316689,1.1473125635494683,0.80077081464764521,0.86603581285442466
MAGEC1,2.1416615088939586,2.1160862632285844,2.142469749074388,3.3632283283066018,2.1742370160825342
MAP2,0.68699692318175298,0.67931459082274859,0.6643742761937409,0.52512618699940228,0.64034020502368449
MAPK10,1.078629149716051,1.0754293350013546,1.0820679692358337,1.0265659840844323,1.128357279995045
MATN3,2.3438392899208864,2.3605714512311575,2.3330493159811492,2.1434353999540625,2.3499690162896805
MB,1.742827401946424,1.7288556147981839,1.7141383278149893,1.5244694848370715,1.5866669414802008
MC2R,0.10974192966450673,0.10959371720726629,0.10936925885229078,0.10925584181672689,0.11585964506639122
MC5R,0.17411065320076655,0.17332030039452714,0.17198673139674769,0.16821179186015608,0.17257210695051961
MCM3,0.35241637459376018,0.35029574629581856,0.34884701650591132,0.31388767598413453,0.34568087330151825
MDM2,0.22042185443177151,0.21934742737095161,0.21673399643787525,0.20209913640271107,0.20363994185268577
MDM4,0.21671600559594897,0.21456949570266126,0.21187128107912229,0.1778674740098074,0.19928750114808946
MELK,1.4674871675620129,1.4383543595884423,1.3283705857343491,0.92523011551478751,1.0097807199489599
MEP1B,0.18115746313415904,0.17997820447667059,0.17853435732371789,0.18189839852017617,0.17664974422928509
METAP2,0.10796143126371385,0.10660830967600642,0.1072213278065081,0.10184364254574263,0.10392204644311599
MKI67,0.86431826666304612,0.85786623013076924,0.86397713990801195,0.61654821328776432,0.87885645907217125
MLANA,0.23079314743139992,0.20775659682196487,0.22558071199657712,0.20793282177058267,0.23851086264553378
MLLT10,0.20758220852575315,0.20733209338084746,0.20846616836813464,0.16759860200025475,0.21359077437711876
MMP12,3.6947413723192875,3.7430838567151463,3.6344214179055538,3.0757080138473705,3.9239607066771822
MMP16,0.60703058678345267,0.60685803055338117,0.60686418679672072,0.61116331597222218,0.61212671227931792
MNAT1,0.16585152967248262,0.16341031455166971,0.1602635382031202,0.13486571237007144,0.14577184795277118
MOBP,0.087651623460569719,0.086627497808528617,0.087284892823843191,0.085755291505631326,0.090550973840692175
MON2,0.16267466993270344,0.16112820978809669,0.15907110645959005,0.13612405278797562,0.14937317855820301
MPHOSPH9,0.28353199147478814,0.28033338008210473,0.28115032062602729,0.23406779257399959,0.28769149929614229
MPP2,0.78385753151682325,0.77479416095092291,0.76978890545860545,0.68147139624951703,0.72037677448243109
MPZ,0.23632809259259263,0.23632809259259263,0.23632809259259263,0.23632809259259263,0.23632809259259263
MSH2,0.25365702326572998,0.25123861748813248,0.25295919425079977,0.18842462027792861,0.25619879673517376
MSX2,1.165574798807502,1.1493806309456043,1.1207134160799113,1.0424870670999655,1.2187525946217486
MTMR7,0.65072753662654292,0.65130595779496847,0.65038048662849757,0.65180442685825468,0.65197437285188686
MUC1,1.5015454909524852,1.5108328534403399,1.4016139392048306,1.2374530658339742,1.2891983498686816
MUC4,0.65576636757259932,0.65612729406657722,0.65601301469487694,0.66178266931235996,0.66132273288613475
MYBL2,0.89717028600348747,0.8856779626819643,0.83886044385591918,0.61044225064237256,0.87192021420446453
MYB,1.3353724703750995,1.3230370883240594,1.2504449934729365,1.2905687925716802,1.2124576640466147
MYEF2,0.35640195507613964,0.34441757137626766,0.34772179944819864,0.23924103983642797,0.35519405482427069
MYH3,0.85862664065409333,0.86319254750983632,0.84839045695126725,0.73384273225966723,0.74233778577149878
MYO7A,0.55508161680061052,0.53058569495104468,0.49487720104531013,0.47303994715451447,0.36729217419137616
NCAPH,0.57814866711102653,0.57971520702486534,0.57401802006697256,0.38969186010657914,0.56700335948586889
NCOA2,0.19356114438809241,0.19202560413348357,0.1907873246138688,0.17137377705171056,0.20059213816846788
NEBL,1.1793988143851093,1.1698257146836131,1.1734254350528213,1.0434510337606844,1.2688144468885716
NEK2,1.4013690851377945,1.4047842738414347,1.3767676435671614,1.055320811045767,1.2210508277156482
NF1,0.22531973918155976,0.22466993178371653,0.22378924987234072,0.22531973918155976,0.21966089117551008
NGFR,0.84370304242041338,0.82432267730863984,0.79214961261804639,0.66491028091294724,0.72422558037400653
NHLH2,0.058847629740479183,0.059800486231116924,0.059684767683538066,0.063585877770057364,0.064423803755729689
NOVA1,1.9630825439493846,1.962721555265853,1.9473282519885855,1.8005788673715248,2.0115718922432491
NPHP1,0.27517450439449609,0.27177157600552054,0.27341010473803701,0.19620290080602421,0.27035235466901608
NPR3,1.5644974453387903,1.5465274886943661,1.5018293998493979,1.3571739335955286,1.4944752127429664
NPY2R,2.4405861389185373,2.4410686864434954,2.4378658769569843,2.4611574762502308,2.4590119212472197
NPY6R,0.12480201044255307,0.12450891843729979,0.1240143919648839,0.13187613228389614,0.12396911926728568
NR2C1,0.2446317029783453,0.23899531580767622,0.24496310483759842,0.22499619167392704,0.27511785985611181
NR2F6,0.41162748357462575,0.41067979441766583,0.41070190994805272,0.40679930107098872,0.39865792852890913
NR6A1,0.16382076486696898,0.16382572579379026,0.16482744977215197,0.15802611307138287,0.18062891386731336
NRCAM,1.2877621504833245,1.3143013323463608,1.2830504758538888,1.1903907826968887,1.2368111161490707
NRP2,0.3215783555913031,0.32069915033083685,0.31954490688271331,0.29674522967930145,0.31465772934896097
NTRK2,0.78235337052056464,0.79317153258413997,0.77860505948838188,0.64318426542696538,0.80282707606913961
NTRK3,0.86332781187725005,0.85597290479846311,0.84774215319038093,0.75619761278218078,0.81671135636318504
ODF1,0.085206519603706357,0.084729634542241708,0.083605496063709789,0.080673569522785218,0.079586567747962148
OPCML,0.64772744773899926,0.64807714632700797,0.64529245444553618,0.61580736369653355,0.64898682782226047
OPRM1,0.16538940800349977,0.16516599128527717,0.16477596022365457,0.16441035022555181,0.16521180396493856
OR2H1,0.16495352613376474,0.16583469504063228,0.16694625767073898,0.16828736542345205,0.17812947293683515
OR7A5,0.31884304799031082,0.31865708929376652,0.31712112971808276,0.33114400012108292,0.31399785423790966
PAH,1.0141425778702335,1.0049517310491953,0.94778706273178692,1.0656349636373637,0.95695568774666673
PAX6,0.96731183148574829,0.95676333761054666,0.94895279928992859,0.79551764143340253,0.93698544140683182
PAX9,1.7350006420374671,1.7233728508658854,1.6578779791177825,1.6768704693867136,1.5229666747218513
PCM1,0.47178669137473173,0.46980826792989427,0.45478645278339264,0.47178669137473173,0.44980654027111983
PCNA,0.4629024674274711,0.46541973087929273,0.46240723409535806,0.40034251630245898,0.46801363882270502
PDE10A,0.85468712246911471,0.85811412779957286,0.8790746241913957,0.95982755797090646,1.052411179335754
PDE3A,0.49101686579078807,0.48990276627609003,0.48781960061348556,0.45284007415006644,0.50019550076340868
PDE6A,0.22307485955972148,0.22356327046939556,0.22332147053647627,0.2163215633775607,0.2272448576170451
PDX1,0.63971636125468978,0.63639080892308919,0.63187080719921696,0.61467088947930126,0.60863563974811397
PHOX2B,0.37188412631512063,0.3722328301576372,0.37174475547216584,0.37021241927767323,0.3727121206998153
PHTF2,0.17167472118288038,0.17167472118288038,0.17167472118288038,0.15956726205806454,0.17167472118288038
PIGR,2.1230341174432521,2.0992707029168267,2.0490434926709815,2.3072749811342885,1.9784021066405406
PIK3C2G,1.1108219753601356,1.0896863416543427,1.0905995350767363,1.2445309676160685,1.2407925082100666
PIK3R3,0.21325379072919104,0.21302084787284251,0.21276998594418031,0.2185784036812303,0.22731468754296
PKMYT1,0.50306001286470958,0.50497809443861397,0.50056195394622016,0.41503960739784923,0.48535622966191944
PKN2,0.22747122371570999,0.22744620187434517,0.22782268619012175,0.22982891440771488,0.23140584742891329
PLG,0.049674673234496716,0.049481903133224765,0.04918138184754698,0.051107165296629127,0.048995479893965091
PLK1,0.31754527047962422,0.31494051124616601,0.31501491313589641,0.20728564255956472,0.30969654842873162
PLK4,0.5798552602369027,0.57716457272186605,0.57338597450183548,0.44637922151509413,0.55460104416669642
PLS1,1.0756710109914567,1.0586128550525087,1.0301814084937451,0.95813126151915728,1.1442740836595531
PNLIPRP1,0.20907381256196547,0.20863112769989922,0.20817115382464757,0.20857144090236251,0.20596087069008553
PNLIPRP2,3.6383249186710125,3.6139778408869212,3.596576889302753,3.9077493835411454,3.8862646916751893
POLA1,0.23994083080847589,0.23977827453519696,0.23978936239840898,0.2293132971248287,0.25457034734090228
POLD1,0.3665008984751536,0.36478657500917105,0.36826624566075139,0.30787994314479505,0.35705239401302935
POLE2,0.64665253404773892,0.64304608123026219,0.65406939024537036,0.5018740989911934,0.75379894421179339
PPM1E,0.50674901644275239,0.51038467369205653,0.50154131926358092,0.45852918881724775,0.48940896343149598
PPP2R1B,0.32046954558834567,0.3217952385827868,0.32386660769693121,0.31697901012190427,0.34031464741117196
PPP2R5E,0.13160666070989843,0.13082037915078504,0.12980861800636578,0.13246103214689217,0.12747311187370136
PRIM1,0.36922025863347374,0.37406525766601972,0.3704165898244135,0.26878412570715765,0.42040805920121799
PRKACA,0.09144336502146215,0.090944808134396538,0.091321801021475899,0.090732183388629151,0.098995020851521634
PRLR,0.66082905703290196,0.6628309180199482,0.65069845351496669,0.56481948436218421,0.62548833337084531
PRL,0.11097673665854346,0.11084723871492254,0.1107484865102988,0.11135576176752698,0.111791341311893
PROX1,0.68977327578289138,0.69109964057909368,0.6901194703040987,0.60770773059081895,0.70016783570133978
PROZ,0.56505695717226034,0.56637116942829469,0.55641953414774625,0.53415558855552103,0.55716827521643053
PRPS1L1,0.54966056804539332,0.55313111418040029,0.53994037211209645,0.44393570528653786,0.49136007491447031
PRTN3,0.16425829404110992,0.16388600936228409,0.16352500853339078,0.14574872766731672,0.16851496374099753
PSG1,0.64677162957517265,0.64793206543607917,0.64777181335316925,0.64324344865665228,0.66932261600617049
PSPC1,0.21439268807870368,0.21455387793121286,0.2148917833899289,0.21131326795731115,0.21849319506152759
PTGER3,1.083994300405696,1.0724138838027544,1.0450392657054139,0.75244640207369573,0.9699408482252172
PTK7,0.42542604789783572,0.41534956794105404,0.39973334886124767,0.51026769828220242,0.39237970578176845
PTPN21,0.34573694259234816,0.34684673349135348,0.34826542835100716,0.34187083159551784,0.36757219524143031
PTTG1,0.88665648884154746,0.8908546748215258,0.89553351524128078,0.6879189996997096,0.94806275946793828
RAD51,0.82569994830825666,0.82672677431678054,0.81075420281162536,0.58917682669317317,0.68859652598708809
RAD54L,0.68105448403546076,0.68579901393317388,0.68643319241838285,0.46652448184559364,0.73261904535802547
RB1,0.41426892147145805,0.41248202838842357,0.41142794169842528,0.31310674796829513,0.40406607991147975
RBBP7,0.6728533334506257,0.67361791787648051,0.67452386208804171,0.71970115715660177,0.68426488063717039
RBBP8,0.58547517016146877,0.58166649862938768,0.57588880800281483,0.56457531860290922,0.55439437833896577
RBL1,0.48153745341561527,0.47897449166773076,0.4811936504511512,0.36546123118255203,0.48253563459387522
REG1A,0.1309289934638683,0.13084362354694731,0.13080159504939143,0.13168517574561925,0.13261540298475841
REG1B,0.098699740670409847,0.098786306037229099,0.099160529724123245,0.10050416145014616,0.099583112973290075
REL,0.53478760067848718,0.53672694491088235,0.53925016208706222,0.48968717910087489,0.56598013263770719
RFC3,0.29818887499036512,0.29799892756160523,0.29628885034934338,0.28263528222543399,0.29542460010871691
RFC4,0.53300645967567595,0.53284208149804579,0.52674810401217498,0.41572602443489609,0.50964738446314284
RFC5,0.28961121321993871,0.28737114861732799,0.28015130126396476,0.2228294193087724,0.25430426705679443
RGS7,0.893645135063737,0.89768892082641027,0.89844976272035582,0.99894835909172719,0.9548579613235717
RNF8,0.1551825126093043,0.15406433682036791,0.15175542446728862,0.11752173156910428,0.14850072387030572
ROS1,0.54028430914198056,0.53944096849945689,0.53634598749244511,0.63713680763476388,0.52313792062013664
RPH3A,0.19137502124524997,0.19038611147188575,0.18908957191869954,0.1848155058985706,0.18282685058983847
RPS6KA5,0.64219146645024039,0.64192559245254099,0.61475759743346803,0.49607781814101426,0.49615967430044039
RREB1,0.12494616349131198,0.12472551770836035,0.12445344618003286,0.12323546355743967,0.12420720352270491
RRM2,1.1408968523284164,1.1465198474965899,1.1358726146266076,0.71736362293872891,1.1659827735248616
RSC1A1,0.22391242430425126,0.223343873824841,0.22264471915562428,0.2293471828703704,0.21987056489771675
RUNX1T1,0.71810957090633443,0.71586350283981215,0.7074231974441848,0.53459691904552242,0.68066843651794495
RXRG,0.2883401908940264,0.28810610486125504,0.28820131373801922,0.31030579310572787,0.30926117238515438
RYR3,0.51388887482612944,0.51142931160402683,0.5120422570220694,0.43333742752000759,0.52614271199788887
SCN7A,0.42854989957274642,0.42716156524797111,0.42579573176034047,0.40384650130301131,0.42245847217484855
SCNN1G,0.48692003858747729,0.48563261522047169,0.48726054869973151,0.4460614411900935,0.49748518796883556
SEMA6A,0.42963505824141918,0.42855527187958298,0.44213853796950026,0.40662759470250792,0.51755150080603773
SERPINA4,0.33264434913486568,0.33682615885931688,0.33320178412108264,0.3305036444271186,0.35708989097184124
SERPINB5,1.1166808600137492,1.0960709069190404,1.1134976604354194,1.1329029490111144,1.3079680889762799
SERPINC1,0.49277554091669973,0.49479803961202601,0.49308022444531663,0.50278695085413649,0.53591883296646592
SHMT1,0.27564296389297765,0.27634395426682984,0.28089998506781039,0.28369034194165232,0.30239824950701638
SIM1,0.18260411359985079,0.18229910857299542,0.18161429225858072,0.18040284328449299,0.1939454362888236
SIM2,2.4534769155807759,2.4476965894175557,2.3472650994319504,2.2815942919528371,2.3722724293825705
SIX6,0.26552163417952801,0.2616403705262505,0.25541719011860647,0.27526990263622159,0.23817622046031228
SLC10A1,0.16126164257939138,0.16027400153043828,0.1593251342661629,0.16265790770539018,0.15757144910251725
SLC10A2,0.18209561574074073,0.18209561574074073,0.18209561574074073,0.18273343599397532,0.18209561574074073
SLC12A3,0.56377609011644825,0.56606957063867203,0.56313751797448897,0.55354793851678619,0.58846296861095615
SLC15A1,0.077290168588101615,0.07692767086300159,0.076564314217134943,0.078739269005008439,0.077086984659645127
SLC17A1,0.084584315985884992,0.084410375385725073,0.084221341346110298,0.083706217177182685,0.084389863669191198
SLC17A3,0.10034834123330071,0.10066845720536323,0.10135804167592967,0.10079160763888888,0.10921998664913558
SLC1A2,0.98904237548134966,0.96619181359553774,0.91320688512070403,0.84142040545704899,0.80340639270024738
SLC2A1,0.56590598607484166,0.56901866412947488,0.5670972871971347,0.62000562029967932,0.6397013097457287
SLC30A3,0.35250411862621361,0.3508551704499181,0.35028956341603767,0.32561709197440258,0.36175193681059059
SLC34A1,0.069387706599221513,0.069865143327666718,0.071018127323001362,0.079195532630369603,0.078236920149516054
SLC4A4,1.5165693987711037,1.5286057908703938,1.526047269670975,1.420912704913214,1.5707334619103364
SLC6A2,0.65949332704476149,0.65751675808104126,0.64736686841964952,0.64062578742631249,0.81668313151637473
SLC6A4,8.1059434997604018,8.1059626520686354,7.8663357420331828,8.7343598647716352,7.7681031533795926
SLC6A5,0.077394887140212837,0.07670178069221964,0.075780141616235239,0.073953882789130995,0.071649217207015975
SLC7A2,1.3349439925149058,1.472743567791827,1.1650123540066328,1.6278428146368231,0.93937151778272732
SLC8A1,0.34924972763717022,0.34237887646686205,0.32021074294778473,0.24937850983517165,0.20023188533931194
SMAD5,0.66690685713381104,0.66748431849689893,0.65335926532899768,0.59401090724458527,0.59298542088170969
SMC2,0.44398625068092479,0.44624778741256016,0.44067210756891506,0.44106139126093963,0.43562993828798724
SOX11,2.6331287429222723,2.6451929527479816,2.4305966365368654,2.8660105859460012,1.9342551208290122
SOX12,0.52419296273427962,0.52109029805822671,0.51535896039085882,0.41055315954508736,0.46833902989163484
SOX5,0.61168422518117138,0.60566857336804769,0.59090342064952228,0.67025279057778009,0.54256750292301748
SP1,0.18556038681398365,0.18796144450053248,0.18429505734057697,0.19044889580567936,0.18959446495182508
SP4,0.22481116553350611,0.22576895498636365,0.22714180222741293,0.22690332475923997,0.238669869939199
SPC25,1.2146117802230065,1.2251255937089884,1.2200122547739587,1.0081854298495709,1.2756389960987906
SPRR2C,0.21793970032009444,0.2190822937182815,0.219240950183512,0.22153271942004629,0.23106406355586473
SPTA1,0.45228165742062221,0.44133621754171104,0.44354093358160923,0.4343242509078466,0.45209363396064395
SSTR3,0.052559338649505613,0.051944854240039799,0.051055419539619999,0.048063001990587252,0.048366002620695694
SSX3,0.46513219280219792,0.46633378934104325,0.46627714780795054,0.48850498523767211,0.47038476879593671
STIL,0.78034353291512748,0.78429646549889542,0.7655300823250436,0.49234619929668672,0.58947815941844184
STK4,0.22228349634081046,0.22275846318915399,0.22296047039199476,0.14721088753605607,0.22826113277354004
STXBP5L,0.56286404644992782,0.55498092831363777,0.55148543951624818,0.61861715934811701,0.59075312151053205
SULT2B1,1.2222062586693108,1.1717952799640041,1.0966531275984386,0.89046282082496842,0.87807248758524981
TACR1,0.25589942035581653,0.25359497132098996,0.25192388181706044,0.23883063876820015,0.24354948412583186
TAF5,0.37222253107778414,0.36846731928939602,0.37150518169135627,0.29772143079717001,0.37236047324131821
TAT,0.35876619288603129,0.35912379924021809,0.3657799833093352,0.33984307675198022,0.39524030249929953
TBR1,0.46297916100459052,0.46124641236789948,0.45879644055879454,0.44995931372609388,0.44685739539918218
TBX5,0.5348401184371967,0.53582715866305897,0.53182274674182739,0.49937545870848699,0.52206370128446811
TEP1,0.33566428061556725,0.33250536489001054,0.33119897445428315,0.25918083130619612,0.32696977326149995
TERF1,0.2009893733387963,0.20049259045653683,0.19979310253698218,0.1953534597342842,0.19733362369868834
TERT,0.24569812240062119,0.24625774782227949,0.24605107041482771,0.20511604676327763,0.27007892199035188
TFAP2A,0.61047625529213712,0.61027192968925881,0.61279664054928495,0.60412490762054538,0.6414664226787935
TFDP1,0.31640948425149373,0.31380461038808649,0.31274262741833969,0.27044936730842917,0.32347392239850131
TGFBR1,0.29788999232466962,0.29899550438876177,0.2988799556593037,0.29747110674856903,0.3071296498304219
THPO,0.36139806507600275,0.34589887451696127,0.3153249543627602,0.32993295101285514,0.23470380585007136
THRA,0.72594166346902156,0.72173764675247964,0.71140497791131374,0.66514411954512576,0.70531998985225286
TIMELESS,0.38911249658426883,0.38439706651613159,0.38197189926302905,0.31181757010854227,0.37407167186849138
TJP1,0.22019929693842069,0.21736733980199449,0.21410078046146788,0.20870132002284889,0.20237200197147057
TLL1,0.67520451889859101,0.67518919385704301,0.6621070310010494,0.55663490362826085,0.66429674327158994
TOP2A,1.3559139711310224,1.3634904983965181,1.3340736257478911,1.1278797030403227,1.3512349419630445
TOPBP1,0.23623217992085246,0.23281034308318813,0.23450516213602182,0.17051592465312429,0.22865504441296533
TP53,0.55056094612924511,0.55013677606739786,0.55002584216177952,0.59458569473722755,0.54969273712756539
TPD52,0.73157998676474623,0.72734687510702278,0.72819607302962008,0.60562185302750815,0.74244863838051056
TPO,1.5598869002230453,1.5429486225781757,1.5050451000877085,1.164495194391608,1.4510461551954867
TPX2,1.0818162985188342,1.0769364738496268,1.0347239537334858,0.68161093627017089,0.90347570101755492
TRAIP,0.36883132408963321,0.37136429293433582,0.373816200376551,0.28682336824747262,0.42464335087100563
TRH,3.3058226353068685,3.3003613886884255,3.0602917277452528,2.8343064825497115,2.4280150706794452
TRIM10,0.12291857598373218,0.12116594611103704,0.12162486505987199,0.12008336124184156,0.11183978345384252
TROAP,0.37011653699670122,0.3708639005097002,0.36770534474151934,0.29426327956439219,0.37630659826258422
TRPM1,0.71051959647205554,0.70661498348245155,0.70228075610117513,0.71059304462158601,0.71836625650611396
TSHB,0.10695777049632635,0.10670983016545887,0.10636999591723952,0.1037543186967608,0.10575652028173915
TSHR,0.3134845246385411,0.31402176500575235,0.31326033173862378,0.31568358729199519,0.3332624038673761
TTF2,0.34828509009451758,0.34694204437865689,0.34472566401916332,0.26175464199411352,0.34097777569057353
TYR,0.20317789512499834,0.15018393553439408,0.19524480084134843,1.4303510379593705,0.23400700887514517
T,0.096312104506436638,0.095773184501044564,0.095120165190742165,0.10025456967083979,0.09240957070970536
UBE2C,0.93119770847916294,0.92953967845290886,0.91089619911311015,0.68332714306158493,0.98277950286913629
UBE3A,0.26215170733845539,0.26153816520812612,0.26024010157436883,0.22794525025982873,0.25630876166316896
WEE1,0.41791977852397583,0.4135058449423501,0.40818927813806166,0.38411882540708803,0.38517521966045959
WISP1,0.86361902186427153,0.86337101513881176,0.88030228461762206,0.79306854605888322,0.98117895798328747
WNT10B,0.62269194152736018,0.62842324033784747,0.62132601910055341,0.51722186009022153,0.62613597645831764
WNT1,0.034388194448675649,0.033493596218164237,0.032459519783525001,0.028218156044993479,0.028465731541858406
WNT2,1.6423250659789912,1.6680294535413267,1.6422198212033252,2.0119771645289592,1.7437034927488375
WWOX,0.63784299901594887,0.63575396196249778,0.63475481236092735,0.61727751980793277,0.70394136229501947
XDH,2.0171441797475129,1.9900494173574315,1.936636253559376,1.9158372906719754,1.7468186969338855
XRCC2,0.35647035091643287,0.35494472339249239,0.35109145758109395,0.30334893176781236,0.33359912921429113
XYLB,0.34657639917249627,0.34637720602859756,0.34401282409792494,0.30475969839659373,0.33573052739266918
ZMYND8,0.25703424723884105,0.25243688023320165,0.2477525945166878,0.21952102939651907,0.21653957078761721
ZNF141,0.17321394891738426,0.17280201891528577,0.17208861607786521,0.15461960917263809,0.1707162867986943
ZNF157,0.1497818783869066,0.14974706537892329,0.15016884741577682,0.15512318512889423,0.15796829610215238
ZNF37A,0.23863877990593771,0.23778690134558395,0.23674539133555073,0.24312203263926563,0.23225331119850648
ZNF79,0.1619649344450641,0.16156753571595489,0.16209744915240346,0.18463287713294713,0.17482316585892352
ZP2,0.3846726512900237,0.38588726062300838,0.3871028154124776,0.37692966622188434,0.40603451639838639
ZWINT,0.47715158985032396,0.47840058592562379,0.47470690334132015,0.38906734407627136,0.45714315981089793
